,Team,MOV,SOS,SRS,ORtg,DRtg,NRtg,Pace,FTr,3PAr,TS%,eFG%,TOV%,ORB%,FT/FGA,eFG%_opp,TOV%_opp,DRB%,FT/FGA_opp,Year
0,CHI,12.24,-0.44,11.8,115.2,101.8,13.4,91.1,0.291,0.196,0.555,0.517,13.1,36.9,0.217,0.482,16.1,71.1,0.222,1996
1,OKC,7.79,-0.4,7.4,110.3,102.1,8.2,93.8,0.379,0.249,0.574,0.526,16.2,29.7,0.288,0.479,16.7,69.5,0.252,1996
2,UTA,6.59,-0.34,6.25,113.3,106.1,7.2,90.0,0.359,0.158,0.566,0.517,14.1,31.6,0.276,0.489,15.1,71.7,0.295,1996
3,SAS,6.3,-0.33,5.98,110.2,103.5,6.7,93.3,0.342,0.2,0.558,0.516,13.6,27.5,0.252,0.472,13.9,70.0,0.216,1996
4,ORL,5.56,-0.16,5.4,112.9,106.9,6.0,91.8,0.336,0.248,0.562,0.529,13.2,29.0,0.232,0.491,14.0,68.8,0.223,1996
5,LAL,4.45,-0.24,4.21,111.4,106.6,4.8,92.4,0.306,0.203,0.555,0.515,13.3,30.1,0.228,0.491,14.9,66.8,0.205,1996
6,IND,3.24,-0.14,3.11,110.8,107.2,3.6,89.3,0.389,0.157,0.56,0.509,15.5,33.0,0.294,0.491,14.7,69.3,0.271,1996
7,CLE,2.59,-0.09,2.49,109.9,106.7,3.2,82.3,0.296,0.264,0.551,0.51,13.7,28.6,0.226,0.506,16.3,70.2,0.242,1996
8,DET,2.5,-0.05,2.45,107.9,105.1,2.8,87.7,0.36,0.221,0.551,0.504,14.6,28.0,0.271,0.483,13.7,71.7,0.229,1996
9,POR,2.35,-0.14,2.21,106.0,103.5,2.5,92.6,0.347,0.203,0.528,0.494,15.2,33.4,0.23,0.478,13.5,73.4,0.236,1996
10,NYK,2.32,-0.08,2.24,106.0,103.5,2.5,91.0,0.306,0.201,0.55,0.509,14.9,25.5,0.232,0.476,14.8,71.1,0.251,1996
11,HOU,1.74,-0.12,1.63,109.3,107.4,1.9,93.2,0.317,0.265,0.555,0.512,14.1,26.9,0.243,0.495,13.6,68.6,0.206,1996
12,MIA,1.43,0.03,1.46,105.3,103.8,1.5,91.1,0.345,0.23,0.541,0.501,16.0,30.1,0.245,0.469,14.8,71.8,0.298,1996
13,ATL,1.22,0.07,1.29,109.4,108.0,1.4,89.6,0.302,0.239,0.534,0.49,14.0,34.0,0.229,0.512,16.3,67.1,0.217,1996
14,WAS,1.06,-0.07,0.99,108.7,107.6,1.1,93.7,0.314,0.183,0.558,0.521,15.0,28.2,0.228,0.489,15.0,67.8,0.274,1996
15,PHO,0.33,-0.05,0.28,110.3,110.0,0.3,93.2,0.37,0.147,0.551,0.498,13.5,29.8,0.286,0.511,13.3,71.4,0.225,1996
16,CHO,-0.57,0.09,-0.48,111.2,111.8,-0.6,91.6,0.32,0.23,0.558,0.514,14.1,29.5,0.246,0.529,13.9,70.3,0.217,1996
17,GSW,-1.45,0.03,-1.42,108.4,109.9,-1.5,93.4,0.349,0.179,0.539,0.489,14.8,33.9,0.265,0.51,15.2,67.2,0.232,1996
18,DEN,-2.71,0.09,-2.62,105.2,108.1,-2.9,92.2,0.326,0.172,0.526,0.481,14.2,30.7,0.242,0.492,12.8,72.7,0.237,1996
19,SAC,-2.71,0.09,-2.62,106.2,109.1,-2.9,93.4,0.371,0.184,0.54,0.493,16.0,32.5,0.271,0.498,15.1,69.0,0.302,1996
20,BOS,-3.4,0.03,-3.37,106.4,109.9,-3.5,96.2,0.329,0.209,0.534,0.494,14.1,28.8,0.235,0.511,14.3,70.0,0.258,1996
21,LAC,-3.6,0.13,-3.46,106.5,110.3,-3.8,93.2,0.3,0.208,0.544,0.511,15.3,29.3,0.21,0.512,15.2,67.9,0.282,1996
22,BRK,-4.23,0.09,-4.14,101.9,106.5,-4.6,90.9,0.332,0.111,0.497,0.445,15.1,36.4,0.248,0.495,14.5,70.9,0.223,1996
23,DAL,-4.9,0.19,-4.71,106.1,111.2,-5.1,95.4,0.266,0.274,0.507,0.47,13.3,34.1,0.192,0.526,14.7,68.6,0.222,1996
24,MIN,-5.35,0.22,-5.14,104.1,109.8,-5.7,93.5,0.357,0.132,0.535,0.48,16.0,29.8,0.277,0.509,15.0,68.7,0.267,1996
25,MIL,-5.3,0.38,-4.92,105.6,111.5,-5.9,90.2,0.295,0.163,0.534,0.495,15.0,29.7,0.218,0.52,14.1,68.4,0.248,1996
26,TOR,-7.51,0.31,-7.2,103.8,111.8,-8.0,93.2,0.296,0.177,0.536,0.499,17.2,32.0,0.214,0.514,14.7,66.8,0.272,1996
27,PHI,-10.0,0.55,-9.45,102.2,113.0,-10.8,92.2,0.353,0.224,0.522,0.474,16.0,29.4,0.259,0.522,14.4,65.0,0.217,1996
28,MEM,-9.98,0.43,-9.55,97.6,108.5,-10.9,91.0,0.308,0.174,0.5,0.456,15.5,27.3,0.223,0.51,16.1,66.3,0.241,1996
0,CHI,10.8,-0.11,10.7,114.4,102.4,12.0,90.0,0.267,0.203,0.547,0.511,12.5,35.9,0.199,0.471,14.8,69.3,0.196,1997
1,UTA,8.79,-0.82,7.97,113.6,104.0,9.6,90.0,0.389,0.145,0.581,0.53,14.7,29.7,0.299,0.48,15.5,71.6,0.29,1997
2,OKC,7.68,-0.77,6.91,111.2,102.7,8.5,90.3,0.358,0.247,0.557,0.51,14.2,30.9,0.269,0.49,17.7,69.1,0.242,1997
3,ATL,5.44,0.08,5.52,108.5,102.3,6.2,86.8,0.31,0.291,0.542,0.498,14.6,31.5,0.236,0.472,15.0,69.2,0.191,1997
4,MIA,5.49,0.07,5.56,106.8,100.6,6.2,88.2,0.324,0.299,0.546,0.507,15.5,29.2,0.233,0.465,15.6,70.6,0.248,1997
5,DET,5.24,0.2,5.45,110.6,104.4,6.2,84.5,0.327,0.246,0.554,0.512,13.0,27.5,0.244,0.487,14.6,70.4,0.197,1997
6,HOU,4.48,-0.62,3.85,108.8,104.0,4.8,91.6,0.307,0.284,0.56,0.52,15.6,28.4,0.232,0.481,13.3,71.4,0.19,1997
7,LAL,4.27,-0.61,3.66,108.3,103.7,4.6,91.1,0.351,0.226,0.535,0.496,13.7,31.6,0.243,0.478,15.1,68.5,0.231,1997
8,POR,4.17,-0.61,3.56,107.9,103.3,4.6,90.9,0.35,0.217,0.544,0.503,15.4,32.5,0.249,0.471,14.3,72.4,0.268,1997
9,NYK,3.12,0.18,3.31,104.4,101.0,3.4,90.5,0.34,0.208,0.546,0.501,17.0,30.5,0.255,0.463,15.4,73.4,0.279,1997
10,CLE,1.84,0.47,2.32,104.6,102.4,2.2,82.9,0.297,0.215,0.531,0.493,15.0,29.4,0.215,0.482,16.8,71.9,0.281,1997
11,CHO,1.87,0.26,2.13,110.9,108.9,2.0,88.6,0.313,0.218,0.562,0.518,14.3,28.7,0.243,0.496,13.3,68.1,0.204,1997
12,WAS,1.62,0.15,1.77,106.6,104.9,1.7,92.4,0.296,0.15,0.54,0.505,14.6,30.2,0.21,0.491,15.3,70.3,0.226,1997
13,IND,0.98,0.52,1.49,105.8,104.7,1.1,89.0,0.374,0.181,0.537,0.49,15.5,31.3,0.27,0.48,15.0,70.4,0.258,1997
14,PHO,0.66,-0.45,0.21,109.3,108.6,0.7,93.2,0.317,0.213,0.552,0.508,13.4,27.1,0.241,0.507,14.4,69.4,0.215,1997
15,ORL,-0.35,0.28,-0.07,105.6,106.0,-0.4,88.3,0.304,0.256,0.524,0.481,14.5,30.9,0.227,0.495,15.3,67.3,0.211,1997
16,MIN,-1.48,-0.35,-1.82,105.5,107.1,-1.6,90.7,0.339,0.17,0.533,0.485,14.4,28.8,0.254,0.486,14.6,68.3,0.252,1997
17,MIL,-1.89,0.51,-1.38,106.2,108.3,-2.1,89.5,0.334,0.146,0.541,0.496,15.1,29.7,0.248,0.501,14.1,69.9,0.253,1997
18,LAC,-2.35,-0.31,-2.66,105.1,107.6,-2.5,91.3,0.31,0.2,0.524,0.482,14.7,30.8,0.227,0.499,15.5,68.1,0.269,1997
19,TOR,-3.12,0.57,-2.56,104.6,108.0,-3.4,90.6,0.303,0.245,0.521,0.481,15.2,32.5,0.218,0.504,15.3,68.6,0.258,1997
20,SAC,-3.38,-0.26,-3.64,105.0,108.7,-3.7,91.0,0.313,0.16,0.526,0.485,15.0,32.0,0.226,0.495,14.3,68.5,0.264,1997
21,BRK,-4.56,0.67,-3.89,104.7,109.7,-5.0,92.4,0.286,0.193,0.499,0.456,13.9,36.4,0.212,0.503,14.1,69.0,0.244,1997
22,GSW,-4.71,-0.2,-4.9,107.2,112.2,-5.0,91.9,0.332,0.208,0.543,0.493,15.8,32.3,0.258,0.518,14.4,67.5,0.234,1997
23,DEN,-6.28,-0.12,-6.4,104.5,111.2,-6.7,92.4,0.298,0.256,0.53,0.486,15.2,28.8,0.227,0.501,11.8,69.3,0.206,1997
24,PHI,-6.54,0.65,-5.89,104.6,111.4,-6.8,95.3,0.358,0.198,0.518,0.47,15.3,34.1,0.259,0.51,13.8,66.5,0.222,1997
25,DAL,-6.35,-0.12,-6.47,101.1,108.2,-7.1,89.0,0.297,0.204,0.509,0.469,15.4,30.0,0.213,0.5,14.9,67.3,0.229,1997
26,BOS,-7.33,0.71,-6.62,103.9,111.4,-7.5,95.8,0.316,0.191,0.52,0.474,14.5,29.4,0.237,0.539,15.8,68.5,0.243,1997
27,SAS,-7.88,-0.05,-7.93,103.3,112.3,-9.0,87.3,0.302,0.185,0.512,0.472,14.7,32.4,0.217,0.514,14.0,67.0,0.236,1997
28,MEM,-10.23,0.06,-10.17,100.3,111.8,-11.5,88.4,0.269,0.197,0.507,0.471,15.3,29.7,0.191,0.51,14.4,64.1,0.224,1997
0,LAL,7.74,-0.87,6.88,111.9,103.7,8.2,93.6,0.42,0.216,0.559,0.519,14.0,31.6,0.285,0.467,14.1,68.8,0.245,1998
1,OKC,7.17,-0.84,6.33,111.6,103.6,8.0,89.8,0.327,0.243,0.558,0.521,13.4,28.7,0.236,0.478,15.9,66.1,0.223,1998
2,CHI,7.11,0.13,7.24,107.7,99.8,7.9,89.0,0.295,0.141,0.516,0.473,13.3,35.7,0.219,0.457,14.7,70.6,0.22,1998
3,UTA,6.54,-0.81,5.73,112.7,105.4,7.3,89.2,0.433,0.11,0.569,0.51,14.8,32.3,0.334,0.471,13.5,71.0,0.271,1998
4,IND,6.09,0.16,6.25,108.4,101.6,6.8,87.9,0.343,0.165,0.55,0.502,14.0,27.9,0.262,0.453,14.4,67.8,0.236,1998
5,PHO,5.18,-0.75,4.44,107.4,101.8,5.6,91.4,0.29,0.18,0.54,0.5,14.0,29.7,0.217,0.471,15.3,70.0,0.227,1998
6,MIA,4.93,0.16,5.09,107.6,102.0,5.6,87.9,0.329,0.244,0.538,0.494,14.5,31.5,0.243,0.452,14.2,69.6,0.257,1998
7,SAS,3.99,-0.69,3.3,103.8,99.4,4.4,88.4,0.35,0.139,0.531,0.493,15.6,30.6,0.241,0.437,12.2,72.2,0.218,1998
8,ATL,3.51,0.34,3.85,108.2,104.3,3.9,87.7,0.364,0.16,0.533,0.481,14.1,33.9,0.275,0.468,13.0,69.1,0.194,1998
9,CLE,2.73,0.33,3.06,102.2,99.1,3.1,89.9,0.352,0.129,0.529,0.478,16.5,30.0,0.266,0.46,16.8,71.1,0.264,1998
10,NYK,2.46,0.28,2.74,103.0,100.3,2.7,88.2,0.283,0.178,0.521,0.476,14.7,29.5,0.218,0.455,14.7,74.0,0.282,1998
11,CHO,2.0,0.45,2.45,107.5,105.3,2.2,89.4,0.345,0.142,0.542,0.495,14.6,30.4,0.259,0.493,14.6,70.8,0.224,1998
12,DET,1.57,0.37,1.95,105.3,103.5,1.8,88.2,0.359,0.147,0.523,0.472,14.0,30.9,0.267,0.474,14.8,70.2,0.243,1998
13,BRK,1.57,0.31,1.88,108.3,106.6,1.7,91.0,0.339,0.135,0.513,0.463,12.9,36.7,0.253,0.499,16.7,66.4,0.258,1998
14,POR,1.4,-0.57,0.83,104.0,102.4,1.6,90.0,0.348,0.164,0.524,0.476,15.8,33.0,0.256,0.46,13.4,71.4,0.249,1998
15,WAS,0.59,0.53,1.11,105.2,104.5,0.7,91.8,0.317,0.139,0.513,0.476,13.0,31.2,0.219,0.481,15.1,69.5,0.248,1998
16,MIN,0.71,-0.54,0.17,107.8,107.1,0.7,92.6,0.329,0.128,0.529,0.483,12.7,30.6,0.244,0.48,13.5,68.5,0.24,1998
17,HOU,-0.76,-0.47,-1.23,107.7,108.6,-0.9,91.0,0.326,0.256,0.544,0.496,14.8,29.8,0.251,0.499,13.3,69.3,0.208,1998
18,ORL,-1.07,0.54,-0.53,102.6,103.8,-1.2,87.1,0.331,0.141,0.499,0.452,14.5,34.2,0.24,0.478,14.8,66.9,0.202,1998
19,MIL,-1.91,0.58,-1.33,103.5,105.6,-2.1,90.2,0.339,0.11,0.527,0.475,15.8,31.4,0.26,0.485,15.5,69.1,0.282,1998
20,PHI,-2.39,0.5,-1.89,102.8,105.4,-2.6,90.4,0.367,0.126,0.514,0.462,15.4,32.5,0.271,0.481,15.1,67.3,0.256,1998
21,BOS,-2.62,0.66,-1.96,102.6,105.4,-2.8,93.3,0.283,0.18,0.504,0.464,14.6,32.8,0.206,0.504,19.0,66.8,0.343,1998
22,SAC,-5.59,-0.25,-5.83,100.8,106.9,-6.1,92.1,0.314,0.121,0.502,0.464,14.3,30.2,0.215,0.482,14.0,66.6,0.23,1998
23,DAL,-6.11,-0.22,-6.33,100.5,107.2,-6.7,89.9,0.257,0.175,0.498,0.458,13.6,27.6,0.194,0.488,14.0,65.1,0.195,1998
24,LAC,-7.37,-0.16,-7.53,103.3,111.2,-7.9,92.4,0.306,0.219,0.518,0.477,14.8,29.6,0.221,0.498,12.9,66.1,0.243,1998
25,MEM,-7.3,-0.17,-7.47,104.1,112.0,-7.9,92.1,0.327,0.137,0.527,0.482,15.8,31.5,0.242,0.507,13.0,66.9,0.24,1998
26,TOR,-9.27,0.94,-8.33,101.2,111.0,-9.8,92.6,0.302,0.159,0.504,0.462,15.1,32.1,0.217,0.508,14.9,62.9,0.235,1998
27,GSW,-9.12,-0.08,-9.2,95.8,105.7,-9.9,91.4,0.278,0.101,0.468,0.427,15.1,33.7,0.197,0.469,13.0,68.6,0.247,1998
28,DEN,-11.78,0.04,-11.74,99.0,112.1,-13.1,89.7,0.335,0.139,0.496,0.44,15.1,30.2,0.259,0.506,14.3,66.3,0.285,1998
0,SAS,8.06,-0.94,7.12,104.0,95.0,9.0,88.6,0.371,0.137,0.523,0.479,14.6,30.4,0.259,0.423,13.8,69.5,0.198,1999
1,UTA,6.52,-0.99,5.54,105.8,98.4,7.4,87.0,0.417,0.107,0.545,0.485,16.0,30.0,0.32,0.441,14.4,70.4,0.242,1999
2,POR,6.36,-0.69,5.67,104.8,97.7,7.1,89.2,0.341,0.171,0.521,0.473,14.5,31.8,0.253,0.445,14.9,71.8,0.233,1999
3,MIA,4.96,0.15,5.11,104.7,98.9,5.8,84.8,0.354,0.226,0.54,0.494,15.3,27.3,0.26,0.439,13.6,71.0,0.226,1999
4,IND,3.74,0.12,3.86,108.7,104.4,4.3,86.4,0.318,0.207,0.537,0.486,12.8,28.7,0.253,0.46,12.7,69.9,0.236,1999
5,DET,3.42,0.55,3.97,104.2,100.3,3.9,86.3,0.345,0.183,0.528,0.48,15.6,30.5,0.256,0.468,15.4,72.0,0.259,1999
6,ATL,2.9,-0.08,2.82,100.5,97.1,3.4,85.3,0.378,0.171,0.492,0.436,14.5,33.1,0.277,0.437,13.4,72.1,0.202,1999
7,LAL,3.02,-0.35,2.68,107.6,104.3,3.3,91.6,0.382,0.174,0.538,0.498,14.1,30.6,0.261,0.468,13.3,70.2,0.267,1999
8,ORL,2.6,0.51,3.11,100.3,97.4,2.9,88.8,0.318,0.171,0.498,0.456,15.4,32.6,0.222,0.473,16.7,70.8,0.181,1999
9,HOU,2.32,-0.93,1.39,105.4,102.9,2.5,88.8,0.313,0.241,0.545,0.506,15.8,27.8,0.228,0.461,12.4,69.9,0.188,1999
10,PHO,2.26,-0.11,2.15,105.8,103.3,2.5,90.0,0.303,0.175,0.526,0.481,13.0,28.4,0.231,0.485,15.4,69.8,0.216,1999
11,PHI,2.06,0.5,2.56,99.9,97.6,2.3,88.6,0.383,0.096,0.494,0.439,15.3,34.2,0.276,0.454,17.1,69.8,0.249,1999
12,MIL,1.66,0.0,1.66,104.9,103.0,1.9,87.0,0.303,0.162,0.53,0.489,14.3,29.0,0.222,0.463,16.0,67.6,0.275,1999
13,NYK,1.02,0.43,1.45,98.6,97.5,1.1,86.9,0.329,0.159,0.509,0.463,15.9,27.9,0.241,0.434,14.9,71.0,0.258,1999
14,MIN,0.38,-0.55,-0.17,101.9,101.5,0.4,91.0,0.264,0.095,0.481,0.439,11.7,32.5,0.196,0.467,15.8,70.2,0.276,1999
15,CHO,-0.1,0.73,0.63,102.3,102.4,-0.1,89.7,0.372,0.198,0.537,0.485,15.5,24.4,0.278,0.461,14.3,69.5,0.24,1999
16,SAC,-0.42,-0.47,-0.89,102.7,103.1,-0.4,96.0,0.3,0.219,0.514,0.479,14.7,30.6,0.205,0.471,13.7,67.7,0.176,1999
17,OKC,-1.08,-0.35,-1.43,105.0,106.2,-1.2,89.6,0.341,0.226,0.519,0.481,14.3,31.9,0.232,0.489,14.1,68.6,0.213,1999
18,TOR,-1.64,0.33,-1.32,102.0,103.9,-1.9,88.8,0.338,0.168,0.504,0.45,15.0,33.8,0.257,0.473,14.8,70.2,0.258,1999
19,BOS,-1.86,0.11,-1.75,100.4,102.4,-2.0,91.5,0.259,0.182,0.501,0.469,14.8,30.6,0.179,0.465,15.6,69.4,0.287,1999
20,CLE,-1.72,0.78,-0.94,99.6,101.6,-2.0,86.4,0.381,0.15,0.52,0.464,15.9,25.1,0.285,0.468,16.2,69.0,0.267,1999
21,WAS,-2.24,0.49,-1.75,101.2,103.7,-2.5,89.8,0.302,0.146,0.507,0.468,14.1,28.2,0.213,0.474,15.1,69.5,0.273,1999
22,DAL,-2.4,-0.1,-2.5,102.3,104.9,-2.6,89.0,0.3,0.148,0.502,0.459,13.2,29.8,0.218,0.476,13.3,69.1,0.212,1999
23,GSW,-2.5,-0.13,-2.63,98.4,101.1,-2.7,88.9,0.282,0.135,0.471,0.434,14.1,35.2,0.19,0.445,14.0,70.4,0.29,1999
24,BRK,-3.78,0.58,-3.2,99.5,103.6,-4.1,91.5,0.301,0.163,0.485,0.434,13.7,31.1,0.231,0.481,15.2,69.7,0.238,1999
25,DEN,-6.6,-0.07,-6.67,103.1,110.4,-7.3,90.5,0.332,0.231,0.511,0.459,13.9,30.1,0.253,0.499,13.2,69.2,0.248,1999
26,MEM,-8.66,-0.28,-8.94,98.4,107.9,-9.5,89.0,0.367,0.118,0.498,0.447,16.0,30.9,0.263,0.492,14.7,66.9,0.261,1999
27,LAC,-8.82,-0.12,-8.94,100.0,109.7,-9.7,89.5,0.306,0.167,0.497,0.454,14.9,30.6,0.22,0.503,14.8,66.9,0.279,1999
28,CHI,-9.46,0.88,-8.58,92.4,103.0,-10.6,88.1,0.309,0.159,0.47,0.424,15.1,26.8,0.219,0.483,15.3,71.7,0.241,1999
0,LAL,8.55,-0.14,8.41,107.3,98.2,9.1,93.3,0.346,0.153,0.525,0.484,12.7,30.6,0.241,0.443,13.4,73.1,0.222,2000
1,POR,6.4,-0.04,6.36,107.9,100.8,7.1,89.9,0.316,0.175,0.546,0.501,14.5,30.3,0.24,0.461,13.8,72.4,0.217,2000
2,SAS,5.94,-0.02,5.92,105.0,98.6,6.4,90.8,0.346,0.138,0.535,0.488,14.3,27.8,0.258,0.451,13.5,73.0,0.188,2000
3,PHO,5.22,0.02,5.24,104.6,99.0,5.6,94.0,0.286,0.184,0.532,0.491,15.2,29.3,0.217,0.454,15.7,70.5,0.245,2000
4,UTA,4.46,0.05,4.52,107.3,102.3,5.0,89.6,0.337,0.134,0.54,0.49,14.3,29.5,0.26,0.477,15.0,73.2,0.256,2000
5,IND,4.6,-0.45,4.15,108.5,103.6,4.9,93.1,0.302,0.224,0.552,0.503,13.3,24.9,0.245,0.469,12.6,71.5,0.197,2000
6,MIA,3.11,-0.36,2.75,104.5,101.0,3.5,89.7,0.283,0.186,0.533,0.495,14.5,28.2,0.208,0.453,13.3,72.9,0.229,2000
7,SAC,2.91,0.12,3.04,105.0,102.1,2.9,99.3,0.277,0.227,0.526,0.486,13.9,27.7,0.209,0.479,15.1,69.7,0.198,2000
8,CHO,2.67,-0.34,2.33,104.3,101.4,2.9,93.9,0.376,0.153,0.53,0.475,13.7,25.7,0.285,0.478,14.6,73.2,0.198,2000
9,MIN,2.52,0.14,2.67,106.1,103.4,2.7,91.8,0.256,0.104,0.525,0.485,12.9,29.4,0.2,0.474,14.0,73.0,0.25,2000
10,NYK,1.46,-0.16,1.3,102.5,100.9,1.6,89.2,0.283,0.147,0.527,0.482,14.4,24.7,0.221,0.455,13.6,73.1,0.251,2000
11,DET,1.44,-0.31,1.13,107.3,105.8,1.5,95.7,0.378,0.184,0.548,0.492,14.3,26.8,0.295,0.499,15.4,71.6,0.249,2000
12,PHI,1.34,-0.32,1.02,101.5,100.0,1.5,92.7,0.329,0.095,0.501,0.457,14.2,31.4,0.233,0.466,16.2,69.9,0.229,2000
13,OKC,0.95,0.22,1.17,105.6,104.6,1.0,93.4,0.282,0.232,0.52,0.487,12.9,28.5,0.196,0.483,14.0,69.6,0.193,2000
14,ORL,0.68,-0.26,0.43,102.4,101.7,0.7,97.3,0.305,0.124,0.516,0.473,15.4,31.6,0.224,0.476,15.9,69.9,0.226,2000
15,MIL,0.22,-0.28,-0.06,108.2,107.9,0.3,92.7,0.29,0.157,0.539,0.494,13.8,30.0,0.228,0.496,14.6,69.6,0.254,2000
16,TOR,-0.16,-0.3,-0.46,104.7,104.9,-0.2,92.5,0.3,0.17,0.511,0.464,12.7,30.1,0.23,0.48,14.2,71.8,0.247,2000
17,DAL,-0.57,0.29,-0.29,106.6,107.2,-0.6,94.9,0.248,0.188,0.532,0.49,12.6,25.5,0.2,0.488,14.2,66.1,0.21,2000
18,BOS,-0.76,-0.24,-1.0,104.8,105.6,-0.8,94.6,0.316,0.183,0.52,0.474,13.8,30.4,0.236,0.498,15.8,73.8,0.306,2000
19,HOU,-0.87,0.3,-0.57,104.8,105.7,-0.9,94.2,0.322,0.244,0.536,0.494,15.8,29.1,0.236,0.481,12.5,71.6,0.201,2000
20,BRK,-1.04,-0.15,-1.18,105.1,106.3,-1.2,92.5,0.297,0.2,0.517,0.468,12.6,28.1,0.233,0.491,15.2,67.2,0.223,2000
21,DEN,-2.12,0.36,-1.76,103.5,105.8,-2.3,94.7,0.306,0.202,0.517,0.476,14.0,29.2,0.222,0.479,13.0,71.6,0.235,2000
22,WAS,-3.28,-0.19,-3.47,103.5,107.0,-3.5,92.7,0.315,0.133,0.521,0.476,14.8,30.6,0.234,0.489,13.9,71.7,0.273,2000
23,CLE,-3.5,-0.14,-3.64,100.4,104.0,-3.6,95.7,0.327,0.136,0.516,0.468,15.6,28.1,0.245,0.474,15.1,71.2,0.275,2000
24,ATL,-5.38,-0.04,-5.41,102.0,107.9,-5.9,91.7,0.292,0.12,0.503,0.46,14.1,31.7,0.217,0.481,11.3,71.0,0.196,2000
25,MEM,-5.62,0.52,-5.1,102.3,108.5,-6.2,91.0,0.32,0.139,0.524,0.474,15.8,30.1,0.247,0.502,14.1,70.6,0.231,2000
26,GSW,-8.27,0.64,-7.63,99.8,108.4,-8.6,95.4,0.301,0.15,0.484,0.444,13.9,32.6,0.21,0.499,14.6,69.1,0.259,2000
27,CHI,-9.4,0.17,-9.23,94.2,104.6,-10.4,89.4,0.338,0.167,0.49,0.443,18.0,29.9,0.24,0.484,14.5,69.9,0.24,2000
28,LAC,-11.52,0.8,-10.73,97.8,110.1,-12.3,93.9,0.27,0.188,0.499,0.458,14.9,26.1,0.202,0.507,13.1,69.6,0.22,2000
0,SAS,7.76,0.16,7.92,106.6,98.0,8.6,89.6,0.374,0.175,0.541,0.496,13.6,27.1,0.267,0.444,12.9,73.7,0.182,2001
1,SAC,5.82,0.25,6.07,105.6,99.6,6.0,94.4,0.298,0.194,0.529,0.484,13.4,27.2,0.23,0.46,14.5,70.7,0.181,2001
2,UTA,4.7,0.31,5.0,107.6,102.4,5.2,89.8,0.363,0.135,0.546,0.497,15.1,30.2,0.273,0.473,15.6,73.2,0.301,2001
3,PHI,4.28,-0.65,3.64,103.6,98.9,4.7,90.6,0.351,0.124,0.518,0.468,14.7,31.2,0.262,0.46,14.5,72.5,0.186,2001
4,POR,4.2,0.33,4.52,106.5,101.8,4.7,89.1,0.296,0.165,0.539,0.497,14.8,30.0,0.225,0.47,14.3,72.4,0.223,2001
5,DAL,4.28,0.32,4.61,107.1,102.6,4.5,93.2,0.291,0.202,0.544,0.498,13.1,24.1,0.231,0.467,14.2,70.7,0.244,2001
6,MIL,3.88,-0.74,3.14,108.8,104.6,4.2,92.1,0.276,0.218,0.542,0.499,12.8,28.1,0.217,0.473,14.4,71.1,0.253,2001
7,LAL,3.38,0.37,3.74,108.4,104.8,3.6,91.7,0.349,0.191,0.535,0.498,13.3,31.1,0.238,0.468,12.2,72.5,0.234,2001
8,NYK,2.63,-0.65,1.98,101.2,98.2,3.0,86.7,0.279,0.18,0.523,0.476,14.6,24.2,0.222,0.453,14.7,74.3,0.24,2001
9,MIA,2.29,-0.57,1.73,101.1,98.5,2.6,87.1,0.299,0.221,0.515,0.469,13.7,24.3,0.227,0.46,15.3,72.7,0.214,2001
10,TOR,2.26,-0.57,1.69,105.9,103.4,2.5,90.9,0.285,0.167,0.51,0.468,12.1,30.8,0.213,0.476,13.3,73.2,0.212,2001
11,HOU,2.29,0.42,2.71,106.7,104.2,2.5,90.4,0.321,0.217,0.538,0.492,14.0,27.5,0.244,0.475,12.6,71.9,0.206,2001
12,CHO,2.1,-0.65,1.45,101.8,99.5,2.3,89.4,0.33,0.151,0.506,0.457,13.7,29.8,0.246,0.456,14.1,74.5,0.222,2001
13,PHO,2.21,0.42,2.63,100.3,98.0,2.3,93.1,0.292,0.156,0.506,0.46,14.1,27.3,0.221,0.46,16.3,73.7,0.252,2001
14,MIN,1.35,0.46,1.81,105.2,103.7,1.5,91.8,0.253,0.131,0.523,0.482,13.0,28.6,0.199,0.478,14.2,71.9,0.238,2001
15,ORL,0.99,-0.6,0.39,103.2,102.1,1.1,93.2,0.301,0.196,0.513,0.474,13.8,29.1,0.215,0.464,15.6,69.8,0.29,2001
16,OKC,0.02,0.52,0.55,105.6,105.6,0.0,91.6,0.299,0.176,0.53,0.491,14.3,29.1,0.219,0.488,13.9,69.8,0.199,2001
17,IND,-0.2,-0.57,-0.77,102.0,102.2,-0.2,89.4,0.312,0.18,0.519,0.471,14.5,27.0,0.239,0.452,12.8,71.4,0.235,2001
18,DET,-1.7,-0.39,-2.08,100.0,101.8,-1.8,94.7,0.325,0.162,0.498,0.453,14.2,29.3,0.234,0.466,14.0,72.2,0.233,2001
19,BOS,-2.13,-0.26,-2.4,101.4,103.7,-2.3,92.6,0.338,0.252,0.521,0.473,14.7,25.3,0.25,0.493,16.0,72.7,0.256,2001
20,DEN,-2.46,0.64,-1.83,103.7,106.3,-2.6,92.6,0.286,0.21,0.511,0.47,12.8,28.3,0.211,0.476,12.1,71.8,0.223,2001
21,LAC,-2.89,0.66,-2.23,101.3,104.5,-3.2,89.6,0.319,0.164,0.514,0.476,14.9,28.3,0.221,0.466,12.0,71.1,0.217,2001
22,CLE,-4.24,-0.23,-4.48,100.3,104.9,-4.6,91.2,0.312,0.101,0.509,0.459,15.4,29.7,0.239,0.477,14.1,71.1,0.248,2001
23,BRK,-5.05,-0.25,-5.3,100.0,105.5,-5.5,91.8,0.328,0.165,0.504,0.452,13.9,25.7,0.249,0.488,14.9,70.0,0.258,2001
24,ATL,-5.21,-0.34,-5.55,98.7,104.3,-5.6,91.9,0.272,0.14,0.5,0.456,15.5,28.9,0.206,0.472,13.8,70.8,0.249,2001
25,MEM,-5.73,0.79,-4.94,99.6,105.8,-6.2,91.7,0.289,0.145,0.51,0.464,14.9,26.1,0.223,0.491,13.8,69.8,0.194,2001
26,WAS,-6.67,-0.08,-6.75,100.6,107.8,-7.2,92.7,0.348,0.131,0.514,0.46,15.7,29.7,0.264,0.503,14.1,71.8,0.236,2001
27,GSW,-9.05,0.94,-8.11,97.8,107.4,-9.6,94.1,0.282,0.134,0.47,0.429,13.9,33.3,0.199,0.504,15.0,69.7,0.227,2001
28,CHI,-9.1,0.01,-9.09,97.2,107.3,-10.1,89.3,0.298,0.148,0.495,0.45,15.1,26.6,0.22,0.499,14.3,70.3,0.254,2001
0,SAC,7.61,0.0,7.61,109.0,101.1,7.9,95.6,0.308,0.166,0.539,0.497,12.4,27.9,0.231,0.467,13.6,71.7,0.185,2002
1,LAL,7.12,0.03,7.15,109.4,101.7,7.7,92.1,0.313,0.21,0.534,0.498,11.8,28.8,0.218,0.453,13.0,72.0,0.233,2002
2,SAS,6.21,0.07,6.28,106.5,99.7,6.8,90.0,0.353,0.19,0.539,0.492,13.8,27.2,0.262,0.453,13.7,71.9,0.189,2002
3,BRK,4.16,-0.49,3.67,104.0,99.5,4.5,91.8,0.28,0.175,0.515,0.476,13.4,29.2,0.206,0.459,14.9,71.6,0.213,2002
4,DAL,4.26,0.16,4.41,112.2,107.7,4.5,92.8,0.288,0.237,0.553,0.507,11.3,26.1,0.232,0.485,12.9,70.7,0.239,2002
5,MIN,3.38,0.2,3.58,109.0,105.3,3.7,90.5,0.255,0.152,0.532,0.49,12.5,31.3,0.203,0.482,12.7,73.7,0.218,2002
6,POR,2.99,0.22,3.21,107.4,104.0,3.4,89.3,0.285,0.198,0.528,0.485,13.5,31.8,0.218,0.489,14.2,73.3,0.202,2002
7,OKC,3.02,0.22,3.24,108.9,105.6,3.3,89.0,0.25,0.193,0.54,0.505,13.2,29.4,0.189,0.485,14.5,68.1,0.206,2002
8,BOS,2.21,-0.46,1.75,103.4,101.0,2.4,92.5,0.291,0.289,0.52,0.476,12.8,24.1,0.223,0.464,15.1,72.9,0.245,2002
9,DET,2.13,-0.45,1.69,104.8,102.4,2.4,90.0,0.31,0.24,0.54,0.497,14.3,24.4,0.235,0.474,14.8,70.5,0.206,2002
10,PHI,1.6,-0.33,1.27,102.1,100.3,1.8,88.9,0.327,0.111,0.507,0.452,14.6,31.7,0.255,0.46,14.2,72.1,0.208,2002
11,ORL,1.57,-0.32,1.25,107.0,105.3,1.7,93.2,0.278,0.241,0.533,0.493,12.6,26.3,0.21,0.486,14.4,69.2,0.215,2002
12,UTA,0.89,0.32,1.21,105.6,104.6,1.0,90.3,0.381,0.132,0.529,0.472,15.4,33.5,0.291,0.484,15.9,71.7,0.286,2002
13,CHO,0.96,-0.4,0.57,104.3,103.3,1.0,89.7,0.32,0.151,0.513,0.466,13.3,30.6,0.238,0.465,13.3,72.2,0.226,2002
14,IND,0.27,-0.34,-0.07,104.1,103.8,0.3,91.9,0.328,0.182,0.527,0.477,14.2,27.0,0.253,0.469,13.2,71.0,0.227,2002
15,MIL,-0.22,-0.4,-0.62,106.9,107.1,-0.2,90.2,0.269,0.241,0.544,0.507,13.6,25.6,0.201,0.477,12.0,70.9,0.217,2002
16,LAC,-0.46,0.38,-0.09,105.5,106.0,-0.5,90.1,0.304,0.172,0.519,0.476,13.8,31.3,0.225,0.477,12.1,69.9,0.194,2002
17,TOR,-0.44,-0.27,-0.71,102.6,103.1,-0.5,88.8,0.255,0.165,0.501,0.463,13.6,31.4,0.189,0.471,14.7,70.1,0.237,2002
18,PHO,-0.68,0.39,-0.3,103.3,104.0,-0.7,91.4,0.235,0.158,0.51,0.472,13.6,30.1,0.18,0.476,14.4,70.2,0.227,2002
19,WAS,-1.4,-0.17,-1.58,104.8,106.4,-1.6,88.3,0.28,0.118,0.508,0.464,12.5,30.7,0.214,0.484,13.0,71.4,0.214,2002
20,MIA,-1.54,-0.31,-1.84,98.5,100.2,-1.7,87.4,0.268,0.141,0.501,0.463,14.6,26.6,0.194,0.455,13.6,74.0,0.249,2002
21,CLE,-3.33,-0.19,-3.52,104.6,108.2,-3.6,90.3,0.301,0.156,0.524,0.477,13.8,28.9,0.232,0.493,12.3,72.8,0.226,2002
22,NYK,-3.99,-0.16,-4.15,101.5,105.9,-4.4,89.7,0.274,0.206,0.514,0.468,14.0,25.6,0.216,0.479,12.9,71.9,0.236,2002
23,ATL,-4.23,-0.18,-4.41,101.8,106.4,-4.6,91.9,0.294,0.181,0.517,0.471,14.6,27.5,0.225,0.495,14.1,70.9,0.218,2002
24,HOU,-4.89,0.58,-4.31,103.1,108.6,-5.5,88.2,0.286,0.223,0.507,0.465,13.4,29.0,0.211,0.491,11.5,69.8,0.178,2002
25,GSW,-5.4,0.61,-4.8,102.8,108.5,-5.7,94.5,0.335,0.142,0.499,0.452,14.7,35.3,0.242,0.488,12.9,69.4,0.232,2002
26,DEN,-5.82,0.63,-5.19,101.4,107.8,-6.4,90.4,0.256,0.187,0.495,0.455,13.6,30.6,0.19,0.492,13.6,69.9,0.245,2002
27,MEM,-7.44,0.7,-6.74,98.2,106.3,-8.1,91.1,0.288,0.168,0.501,0.462,15.4,27.8,0.204,0.486,13.7,68.0,0.197,2002
28,CHI,-8.54,0.02,-8.52,98.2,107.6,-9.4,90.5,0.302,0.134,0.499,0.456,14.6,26.6,0.218,0.497,13.7,71.4,0.239,2002
0,DAL,7.78,0.12,7.9,110.7,102.3,8.4,92.5,0.257,0.239,0.543,0.498,10.9,25.4,0.213,0.473,14.8,70.9,0.221,2003
1,SAC,6.5,0.18,6.68,105.9,99.1,6.8,95.4,0.262,0.184,0.535,0.499,13.3,25.6,0.196,0.446,13.6,70.6,0.204,2003
2,SAS,5.41,0.23,5.65,105.6,99.7,5.9,90.0,0.348,0.202,0.541,0.497,15.1,28.8,0.253,0.453,14.2,71.3,0.199,2003
3,BRK,5.22,-0.8,4.42,103.8,98.1,5.7,91.6,0.333,0.158,0.518,0.468,13.8,28.7,0.252,0.46,15.7,73.1,0.225,2003
4,DET,3.68,-0.71,2.97,104.1,99.9,4.2,86.8,0.322,0.237,0.523,0.473,13.3,25.9,0.248,0.461,13.9,74.0,0.225,2003
5,IND,3.49,-0.7,2.79,104.6,100.8,3.8,91.6,0.344,0.169,0.522,0.469,13.7,29.0,0.263,0.458,14.3,72.3,0.228,2003
6,POR,2.61,0.36,2.97,105.5,102.6,2.9,89.4,0.3,0.177,0.531,0.489,14.5,30.2,0.223,0.483,14.9,72.3,0.194,2003
7,UTA,2.39,0.37,2.76,105.5,102.8,2.7,89.3,0.38,0.104,0.537,0.486,16.0,32.5,0.283,0.468,15.2,70.2,0.256,2003
8,LAL,2.33,0.38,2.71,107.2,104.7,2.5,92.5,0.311,0.199,0.528,0.486,13.3,30.2,0.228,0.477,13.4,72.7,0.241,2003
9,PHI,2.3,-0.55,1.76,105.0,102.5,2.5,91.4,0.339,0.119,0.52,0.466,13.7,30.3,0.263,0.488,16.2,72.7,0.243,2003
10,MIN,2.07,0.39,2.46,106.1,103.8,2.3,91.9,0.268,0.118,0.528,0.488,12.9,28.2,0.206,0.472,12.7,72.9,0.203,2003
11,NOP,2.11,-0.59,1.52,103.9,101.6,2.3,89.4,0.285,0.161,0.511,0.465,13.9,31.7,0.219,0.464,14.0,73.1,0.226,2003
12,HOU,1.48,0.42,1.89,104.3,102.6,1.7,88.8,0.316,0.196,0.522,0.474,14.8,30.3,0.243,0.462,12.6,72.4,0.209,2003
13,PHO,1.13,0.43,1.57,103.7,102.5,1.2,91.5,0.285,0.17,0.514,0.473,13.7,29.7,0.211,0.47,14.8,70.3,0.222,2003
14,ORL,0.13,-0.53,-0.39,105.2,105.0,0.2,93.1,0.307,0.235,0.526,0.478,13.3,27.0,0.239,0.486,15.1,71.1,0.25,2003
15,MIL,0.23,-0.48,-0.24,108.8,108.6,0.2,90.4,0.287,0.229,0.543,0.5,12.2,25.6,0.222,0.494,13.5,69.9,0.237,2003
16,OKC,-0.12,0.49,0.37,103.7,103.9,-0.2,88.0,0.27,0.196,0.512,0.472,12.8,28.1,0.201,0.484,14.3,71.8,0.21,2003
17,BOS,-0.39,-0.36,-0.75,101.2,101.6,-0.4,90.9,0.306,0.331,0.514,0.47,13.4,23.6,0.227,0.471,15.1,72.5,0.242,2003
18,WAS,-1.01,-0.46,-1.47,103.0,104.1,-1.1,88.2,0.325,0.127,0.513,0.46,13.0,27.3,0.253,0.477,13.8,71.6,0.212,2003
19,GSW,-1.13,0.54,-0.6,108.3,109.5,-1.2,94.2,0.343,0.178,0.526,0.472,13.9,35.0,0.267,0.482,12.2,67.9,0.22,2003
20,NYK,-1.35,-0.26,-1.61,104.7,106.2,-1.5,90.7,0.241,0.235,0.528,0.486,13.4,24.4,0.196,0.485,13.7,71.8,0.261,2003
21,MEM,-3.23,0.63,-2.6,103.9,107.3,-3.4,92.7,0.287,0.19,0.526,0.487,14.2,27.0,0.212,0.491,13.4,68.7,0.197,2003
22,ATL,-3.56,-0.31,-3.87,102.3,106.1,-3.8,91.0,0.313,0.177,0.527,0.476,15.7,27.9,0.248,0.469,12.1,70.4,0.222,2003
23,LAC,-4.12,0.68,-3.45,102.3,106.8,-4.5,91.3,0.335,0.182,0.516,0.467,14.8,29.1,0.252,0.481,13.1,70.2,0.222,2003
24,CHI,-5.13,-0.17,-5.31,100.2,105.6,-5.4,93.5,0.3,0.148,0.512,0.471,15.4,27.7,0.217,0.47,13.3,69.5,0.263,2003
25,MIA,-5.05,-0.08,-5.13,96.7,102.4,-5.7,87.8,0.259,0.169,0.483,0.439,13.8,26.8,0.198,0.47,14.1,73.9,0.257,2003
26,TOR,-5.87,-0.23,-6.1,100.5,107.0,-6.5,89.9,0.282,0.179,0.497,0.458,13.6,28.2,0.203,0.489,13.1,70.7,0.226,2003
27,DEN,-8.28,0.87,-7.41,92.2,101.3,-9.1,91.0,0.283,0.126,0.469,0.428,17.1,31.3,0.198,0.477,16.5,73.3,0.29,2003
28,CLE,-9.62,0.04,-9.59,96.5,106.7,-10.2,94.0,0.298,0.133,0.491,0.444,16.4,31.0,0.223,0.484,13.0,73.2,0.252,2003
0,SAS,7.22,0.29,7.51,102.2,94.1,8.1,89.2,0.322,0.177,0.511,0.473,14.1,29.5,0.219,0.433,14.8,74.6,0.215,2004
1,DET,5.84,-0.81,5.04,102.0,95.4,6.6,87.9,0.328,0.153,0.511,0.461,14.7,30.1,0.247,0.441,15.5,71.8,0.202,2004
2,IND,5.76,-0.82,4.93,103.8,97.2,6.6,87.5,0.319,0.203,0.52,0.471,14.1,28.5,0.243,0.459,15.7,73.9,0.218,2004
3,MIN,5.49,0.37,5.86,105.9,99.7,6.2,89.0,0.265,0.137,0.528,0.486,12.4,26.7,0.207,0.444,12.9,72.5,0.215,2004
4,SAC,5.01,0.4,5.41,110.3,104.9,5.4,92.8,0.305,0.223,0.554,0.507,13.0,26.0,0.242,0.483,13.7,69.8,0.193,2004
5,DAL,4.44,0.42,4.86,112.1,107.4,4.7,93.2,0.256,0.201,0.536,0.495,11.1,31.4,0.204,0.498,13.9,71.6,0.214,2004
6,LAL,3.9,0.45,4.35,105.5,101.3,4.2,92.3,0.352,0.167,0.522,0.481,12.8,28.1,0.244,0.471,14.3,73.3,0.222,2004
7,BRK,2.5,-0.63,1.88,100.8,98.0,2.8,89.4,0.291,0.176,0.515,0.471,14.4,25.9,0.219,0.46,15.7,73.9,0.221,2004
8,MEM,2.44,0.52,2.95,104.8,102.2,2.6,91.4,0.322,0.197,0.522,0.479,13.9,29.5,0.234,0.465,15.7,68.4,0.251,2004
9,HOU,1.73,0.55,2.28,100.9,99.0,1.9,87.8,0.286,0.227,0.528,0.484,16.4,26.5,0.221,0.447,13.1,74.5,0.233,2004
10,DEN,1.07,0.58,1.65,103.9,102.7,1.2,93.3,0.319,0.146,0.517,0.467,14.2,30.5,0.245,0.481,15.6,69.3,0.221,2004
11,MIL,1.06,-0.64,0.42,106.5,105.4,1.1,91.6,0.33,0.172,0.528,0.477,12.7,27.6,0.255,0.485,13.3,71.8,0.213,2004
12,MIA,0.52,-0.65,-0.13,102.2,101.7,0.5,88.0,0.298,0.211,0.51,0.463,13.5,27.4,0.227,0.463,14.5,73.4,0.26,2004
13,NOP,-0.1,-0.62,-0.72,102.3,102.4,-0.1,89.1,0.293,0.252,0.505,0.46,14.1,30.6,0.22,0.476,15.0,71.3,0.218,2004
14,OKC,-0.63,0.66,0.02,107.3,108.0,-0.7,89.9,0.27,0.294,0.54,0.501,13.9,27.2,0.207,0.487,13.9,68.5,0.237,2004
15,GSW,-0.73,0.66,-0.07,103.0,103.8,-0.8,89.8,0.311,0.197,0.517,0.475,14.1,28.4,0.226,0.476,13.3,72.1,0.211,2004
16,POR,-1.27,0.69,-0.58,103.7,105.1,-1.4,86.2,0.267,0.17,0.515,0.478,14.4,31.2,0.195,0.482,13.3,70.0,0.186,2004
17,UTA,-1.22,0.69,-0.53,101.9,103.3,-1.4,86.6,0.356,0.127,0.509,0.456,16.1,34.1,0.266,0.468,15.4,72.4,0.319,2004
18,BOS,-1.45,-0.54,-1.99,102.1,103.7,-1.6,93.2,0.327,0.249,0.532,0.486,15.4,25.2,0.245,0.479,15.7,69.5,0.24,2004
19,NYK,-1.48,-0.49,-1.97,101.7,103.3,-1.6,89.5,0.266,0.171,0.518,0.474,15.1,28.0,0.211,0.461,13.2,72.8,0.259,2004
20,PHI,-2.49,-0.46,-2.95,99.1,101.9,-2.8,88.0,0.321,0.158,0.505,0.456,15.5,28.2,0.242,0.467,14.7,70.7,0.231,2004
21,CLE,-2.62,-0.44,-3.07,101.4,104.2,-2.8,90.8,0.301,0.116,0.498,0.451,13.7,31.1,0.226,0.469,12.3,73.0,0.221,2004
22,TOR,-3.01,-0.4,-3.42,97.0,100.4,-3.4,86.8,0.26,0.204,0.495,0.454,14.1,23.8,0.195,0.449,14.1,70.1,0.241,2004
23,PHO,-3.74,0.8,-2.94,101.4,105.5,-4.1,92.6,0.28,0.18,0.515,0.475,14.3,26.6,0.209,0.482,14.7,69.9,0.24,2004
24,LAC,-4.59,0.84,-3.74,103.5,108.5,-5.0,91.0,0.35,0.156,0.512,0.453,15.0,32.8,0.275,0.494,12.9,70.0,0.231,2004
25,ATL,-4.65,-0.36,-5.0,101.0,106.1,-5.1,90.8,0.303,0.191,0.514,0.465,15.4,28.6,0.235,0.476,13.1,70.5,0.234,2004
26,WAS,-5.63,-0.48,-6.12,98.8,104.8,-6.0,92.2,0.337,0.194,0.5,0.454,16.0,30.7,0.241,0.486,14.9,69.5,0.214,2004
27,CHI,-6.35,-0.33,-6.69,96.6,103.4,-6.8,92.2,0.272,0.186,0.486,0.446,14.9,28.1,0.197,0.469,14.1,71.4,0.253,2004
28,ORL,-7.02,-0.23,-7.25,102.7,110.4,-7.7,90.8,0.296,0.184,0.504,0.461,12.8,28.1,0.218,0.502,12.7,68.7,0.214,2004
0,SAS,7.80,0.03,7.84,107.5,98.8,+8.7,88.9,.329,.216,.534,.492,13.2,29.1,.238,.452,14.7,73.6,.236,2005
1,PHO,7.12,-0.04,7.08,114.5,107.1,+7.4,95.9,.296,.289,.571,.534,12.4,27.5,.222,.478,12.0,68.3,.176,2005
2,MIA,6.52,-0.76,5.77,110.2,103.1,+7.1,90.8,.387,.198,.559,.524,13.1,27.0,.260,.460,12.4,74.1,.242,2005
3,DAL,5.74,0.11,5.86,110.3,104.1,+6.2,92.7,.346,.190,.545,.492,12.5,28.6,.273,.472,14.3,70.2,.239,2005
4,HOU,4.04,0.23,4.27,106.2,101.7,+4.5,88.8,.309,.237,.534,.486,13.5,26.3,.242,.459,12.9,74.5,.245,2005
5,DET,3.87,-0.55,3.31,105.6,101.2,+4.4,87.2,.335,.164,.519,.472,13.3,31.2,.247,.461,13.5,73.0,.207,2005
6,OKC,2.29,0.30,2.59,112.2,109.6,+2.6,87.9,.328,.281,.546,.495,13.0,32.4,.259,.496,12.9,71.3,.249,2005
7,MEM,2.29,0.34,2.64,105.5,102.9,+2.6,88.5,.323,.237,.535,.489,14.3,27.1,.243,.466,15.4,69.9,.270,2005
8,SAC,2.16,0.40,2.56,110.5,108.2,+2.3,93.0,.287,.200,.541,.496,12.0,28.8,.226,.493,13.3,69.0,.214,2005
9,DEN,2.02,0.20,2.23,106.0,103.9,+2.1,93.5,.350,.142,.535,.483,13.8,28.4,.267,.482,15.1,71.7,.247,2005
10,MIN,1.45,0.28,1.73,108.2,106.6,+1.6,89.1,.275,.173,.534,.489,12.7,28.6,.219,.472,11.2,71.4,.208,2005
11,CHI,1.06,-0.41,0.65,101.4,100.3,+1.1,92.4,.311,.217,.517,.471,15.5,28.4,.233,.454,14.4,72.6,.262,2005
12,BOS,0.87,-0.52,0.35,107.5,106.6,+0.9,93.3,.357,.192,.551,.501,14.7,27.2,.273,.481,14.2,70.1,.274,2005
13,CLE,0.79,-0.52,0.27,106.6,105.7,+0.9,89.7,.325,.135,.518,.470,13.0,32.5,.244,.485,14.1,71.5,.248,2005
14,IND,0.76,-0.27,0.49,105.5,104.6,+0.9,87.2,.358,.255,.534,.476,14.1,26.4,.283,.472,13.6,71.3,.261,2005
15,WAS,-0.33,-0.38,-0.71,107.2,107.5,-0.3,93.3,.364,.220,.523,.474,12.9,31.1,.264,.498,14.6,70.0,.230,2005
16,PHI,-0.74,-0.33,-1.07,103.5,104.3,-0.8,94.9,.326,.216,.528,.475,14.2,25.4,.257,.485,15.4,72.7,.267,2005
17,LAC,-0.77,0.30,-0.47,105.5,106.4,-0.9,89.1,.357,.105,.533,.477,14.9,30.3,.278,.480,13.0,71.3,.235,2005
18,BRK,-1.50,-0.32,-1.82,101.4,103.1,-1.7,89.1,.318,.187,.512,.463,13.7,25.5,.242,.479,15.2,73.2,.278,2005
19,TOR,-1.62,-0.19,-1.81,106.9,108.7,-1.8,92.7,.316,.253,.539,.492,12.5,23.7,.244,.499,13.4,71.1,.240,2005
21,GSW,-2.16,0.42,-1.74,104.7,106.9,-2.2,93.3,.278,.252,.512,.475,12.3,27.8,.201,.491,13.9,69.7,.227,2005
22,ORL,-2.24,-0.27,-2.52,104.9,107.3,-2.4,94.7,.350,.137,.529,.478,14.6,29.9,.265,.484,13.2,71.3,.255,2005
23,NYK,-2.44,-0.28,-2.72,106.2,108.9,-2.7,90.7,.312,.188,.531,.485,13.8,28.3,.239,.501,13.8,71.2,.265,2005
24,MIL,-2.99,-0.10,-3.09,106.6,109.8,-3.2,90.8,.339,.141,.527,.475,13.0,29.0,.261,.499,12.4,72.0,.233,2005
25,LAL,-2.96,0.64,-2.32,108.1,111.4,-3.3,90.8,.322,.273,.535,.485,13.4,29.5,.251,.493,11.0,71.1,.218,2005
26,POR,-4.00,0.55,-3.45,103.2,107.7,-4.5,89.8,.303,.181,.524,.484,15.2,29.6,.219,.479,12.6,67.7,.204,2005
27,UTA,-4.27,0.53,-3.74,104.7,109.5,-4.8,88.4,.361,.121,.522,.469,15.0,31.9,.273,.499,14.2,72.3,.340,2005
28,CHO,-5.99,-0.16,-6.15,101.1,107.5,-6.4,92.3,.306,.128,.497,.455,13.3,29.5,.217,.497,14.7,70.9,.269,2005
29,NOP,-7.07,0.78,-6.30,99.7,107.7,-8.0,87.6,.279,.201,.493,.446,14.2,29.1,.214,.491,13.9,70.7,.261,2005
30,ATL,-9.71,0.09,-9.62,100.6,111.1,-10.5,91.4,.299,.146,.504,.464,14.9,30.7,.212,.513,14.0,72.1,.289,2005
0,SAS,6.82,-0.13,6.69,107.3,99.6,+7.7,88.5,.298,.215,.546,.513,13.6,26.0,.209,.457,13.5,74.2,.220,2006
1,DET,6.67,-0.44,6.24,110.8,103.1,+7.7,86.8,.297,.221,.535,.497,11.2,28.9,.216,.477,13.7,71.2,.191,2006
2,DAL,6.07,-0.11,5.96,111.8,105.0,+6.8,87.8,.364,.175,.550,.495,13.1,31.8,.285,.475,13.7,72.2,.257,2006
3,PHO,5.55,-0.07,5.48,111.5,105.8,+5.7,95.8,.206,.293,.568,.537,12.2,22.1,.166,.490,13.2,72.1,.200,2006
4,MEM,3.70,0.05,3.74,105.9,101.6,+4.3,86.3,.339,.258,.537,.496,13.9,25.8,.241,.469,14.7,72.0,.237,2006
5,MIA,3.87,-0.27,3.59,108.7,104.5,+4.2,91.6,.363,.227,.556,.517,13.9,26.7,.254,.477,12.4,76.4,.251,2006
6,LAL,2.50,0.03,2.53,108.4,105.7,+2.7,90.9,.329,.240,.539,.495,13.1,28.8,.245,.486,13.4,73.6,.242,2006
7,CLE,2.23,-0.06,2.17,107.8,105.4,+2.4,89.8,.362,.228,.538,.492,13.3,28.4,.263,.490,12.8,75.7,.226,2006
8,IND,1.89,-0.27,1.62,104.5,102.4,+2.1,89.7,.344,.245,.533,.487,14.8,27.1,.254,.464,13.0,72.6,.232,2006
9,WAS,1.85,-0.29,1.57,109.3,107.3,+2.0,92.3,.375,.209,.538,.484,12.8,29.5,.284,.504,15.1,70.9,.256,2006
10,SAC,1.54,0.07,1.61,106.7,105.0,+1.7,91.9,.334,.217,.544,.492,13.9,25.4,.262,.488,13.7,72.2,.210,2006
11,LAC,1.57,0.18,1.75,105.3,103.6,+1.7,91.7,.332,.131,.540,.487,13.8,25.4,.263,.471,12.2,75.9,.240,2006
12,BRK,1.37,-0.26,1.11,103.9,102.4,+1.5,89.8,.346,.229,.528,.478,13.3,24.0,.262,.476,14.0,76.3,.266,2006
13,CHI,0.63,-0.12,0.51,104.0,103.4,+0.6,92.9,.292,.219,.527,.487,13.9,26.3,.216,.464,13.9,74.7,.295,2006
14,DEN,0.23,0.13,0.36,105.5,105.2,+0.3,93.9,.347,.161,.535,.488,13.7,26.8,.258,.493,14.7,72.0,.227,2006
15,MIL,-1.04,-0.04,-1.07,106.3,107.4,-1.1,91.2,.322,.203,.535,.492,13.8,27.3,.238,.504,13.8,74.6,.262,2006
16,ORL,-1.07,-0.18,-1.26,106.3,107.5,-1.2,88.3,.369,.129,.543,.496,14.7,28.5,.270,.490,13.0,72.5,.264,2006
17,GSW,-1.35,0.25,-1.11,104.8,106.2,-1.4,93.3,.323,.270,.521,.479,13.0,26.9,.232,.492,14.1,71.6,.243,2006
18,HOU,-1.59,0.28,-1.30,101.6,103.3,-1.7,88.0,.317,.226,.519,.471,14.3,25.5,.240,.472,13.1,74.6,.247,2006
19,BOS,-1.54,-0.05,-1.59,105.2,106.9,-1.7,92.2,.349,.204,.551,.504,15.7,25.5,.263,.490,13.8,72.8,.282,2006
21,MIN,-1.88,0.13,-1.75,102.4,104.5,-2.1,88.8,.299,.149,.524,.480,14.2,25.2,.226,.475,13.4,71.3,.236,2006
22,PHI,-1.95,-0.15,-2.10,106.0,108.1,-2.1,92.7,.356,.158,.538,.487,13.3,25.6,.270,.500,14.3,71.3,.240,2006
23,UTA,-2.63,0.14,-2.49,104.1,107.0,-2.9,87.8,.397,.149,.519,.467,15.0,32.4,.286,.490,14.0,73.2,.303,2006
24,NOP,-2.82,0.31,-2.51,103.7,106.8,-3.1,89.0,.339,.138,.515,.464,12.9,26.9,.257,.502,14.3,73.4,.243,2006
25,TOR,-2.99,-0.04,-3.03,109.5,112.7,-3.2,91.1,.315,.244,.548,.500,12.4,25.4,.249,.530,13.5,73.3,.263,2006
26,OKC,-3.02,0.15,-2.88,111.1,114.4,-3.3,91.6,.314,.243,.551,.504,13.7,30.4,.246,.527,13.6,69.0,.260,2006
27,CHO,-4.00,0.10,-3.90,102.5,106.7,-4.2,93.4,.319,.184,.509,.464,13.0,27.1,.233,.514,16.5,70.7,.263,2006
28,ATL,-4.76,0.07,-4.69,106.4,111.6,-5.2,90.4,.340,.178,.534,.486,14.7,31.4,.255,.513,14.1,69.5,.275,2006
29,NYK,-6.40,0.11,-6.30,104.0,111.0,-7.0,90.8,.417,.142,.534,.481,16.5,31.2,.303,.511,13.4,72.8,.294,2006
30,POR,-9.45,0.54,-8.91,101.1,111.9,-10.8,87.6,.310,.166,.511,.474,14.5,26.6,.214,.507,12.6,68.2,.231,2006
0,SAS,8.43,-0.08,8.35,109.2,99.9,+9.3,89.8,.313,.247,.561,.521,13.6,24.2,.235,.471,14.0,75.7,.201,2007
1,DAL,7.22,0.06,7.28,111.3,103.2,+8.1,89.5,.317,.218,.559,.509,13.4,28.7,.256,.477,14.2,75.0,.265,2007
2,PHO,7.30,-0.03,7.28,113.9,106.4,+7.5,95.6,.267,.287,.590,.551,13.4,22.7,.215,.492,13.6,71.9,.206,2007
3,CHI,5.01,-0.49,4.52,104.9,99.6,+5.3,93.6,.313,.186,.534,.493,14.7,28.6,.229,.473,16.2,74.3,.252,2007
4,HOU,4.85,0.19,5.04,106.0,100.7,+5.3,90.7,.292,.290,.540,.499,13.6,25.7,.220,.466,13.6,77.0,.230,2007
5,DET,4.16,-0.47,3.69,108.9,104.2,+4.7,87.3,.307,.201,.535,.488,12.0,28.3,.237,.477,14.3,70.9,.234,2007
6,CLE,3.83,-0.50,3.33,105.5,101.3,+4.2,90.8,.320,.211,.522,.484,13.4,29.7,.223,.480,14.7,75.8,.243,2007
7,UTA,2.87,0.20,3.06,110.1,107.0,+3.1,91.6,.380,.163,.551,.502,14.5,31.7,.283,.496,14.4,75.1,.314,2007
8,DEN,1.62,0.07,1.69,107.6,105.9,+1.7,97.4,.360,.212,.548,.501,14.6,28.9,.268,.499,14.5,71.8,.203,2007
9,TOR,0.99,-0.38,0.61,107.0,106.0,+1.0,92.6,.303,.224,.550,.504,13.0,22.2,.239,.503,14.3,74.5,.219,2007
10,ORL,0.78,-0.43,0.35,104.9,104.1,+0.8,89.9,.393,.158,.544,.500,16.3,29.3,.276,.480,14.6,73.7,.286,2007
11,LAL,-0.07,0.32,0.24,108.6,108.6,0.0,93.5,.333,.259,.554,.511,14.3,26.1,.249,.500,13.5,72.3,.262,2007
12,GSW,-0.34,0.34,0.00,107.0,107.4,-0.4,99.2,.300,.279,.548,.512,14.1,25.6,.215,.506,16.1,69.6,.264,2007
13,WAS,-0.51,-0.28,-0.80,110.1,110.6,-0.5,94.1,.356,.237,.542,.491,12.6,28.1,.272,.517,14.4,71.0,.249,2007
14,LAC,-0.46,0.39,-0.07,105.1,105.6,-0.5,90.8,.355,.143,.537,.481,14.5,27.2,.280,.488,13.3,74.7,.249,2007
15,BRK,-0.77,-0.23,-1.00,105.7,106.6,-0.9,91.4,.338,.263,.546,.504,14.2,24.6,.245,.490,13.7,74.4,.266,2007
16,MIA,-0.91,-0.29,-1.21,104.3,105.3,-1.0,89.9,.321,.245,.541,.506,14.3,24.9,.222,.485,13.8,73.3,.232,2007
17,NOP,-1.57,0.38,-1.19,104.8,106.5,-1.7,90.2,.291,.188,.520,.479,13.6,29.1,.215,.499,13.2,74.7,.212,2007
18,SAC,-1.80,0.46,-1.35,106.2,108.0,-1.8,94.8,.379,.232,.545,.491,13.5,23.1,.289,.513,14.9,72.5,.240,2007
19,IND,-2.44,-0.18,-2.62,102.9,105.5,-2.6,92.4,.324,.212,.523,.474,15.1,28.4,.246,.491,14.8,72.7,.271,2007
21,OKC,-2.89,0.45,-2.45,107.2,110.3,-3.1,91.8,.288,.219,.544,.499,14.5,27.8,.228,.515,14.1,70.9,.243,2007
22,NYK,-2.85,-0.21,-3.06,105.7,108.8,-3.1,90.8,.377,.216,.539,.494,15.9,31.0,.270,.504,13.0,74.0,.246,2007
23,PHI,-3.02,-0.23,-3.26,103.6,106.9,-3.3,90.7,.333,.128,.530,.480,14.6,27.2,.255,.501,14.7,70.8,.221,2007
24,BOS,-3.41,-0.29,-3.70,103.2,106.9,-3.7,92.0,.337,.199,.530,.479,15.4,27.0,.259,.502,14.5,73.8,.280,2007
25,MIN,-3.67,0.51,-3.16,103.9,107.9,-4.0,91.0,.291,.167,.537,.490,14.8,25.1,.231,.498,13.3,72.1,.226,2007
26,CHO,-3.74,-0.22,-3.97,103.6,107.6,-4.0,92.0,.322,.193,.524,.480,13.9,26.4,.236,.500,14.7,71.6,.279,2007
27,MIL,-4.38,-0.06,-4.43,107.0,111.7,-4.7,92.3,.286,.219,.541,.504,14.1,27.6,.209,.522,14.5,68.1,.234,2007
28,POR,-4.29,0.51,-3.78,105.1,109.9,-4.8,88.3,.314,.193,.530,.483,14.5,28.2,.241,.508,13.5,73.0,.267,2007
29,ATL,-4.76,-0.10,-4.86,103.0,108.3,-5.3,90.0,.346,.163,.523,.471,15.1,29.2,.263,.503,14.5,70.9,.268,2007
30,MEM,-5.15,0.71,-4.44,106.9,112.3,-5.4,93.6,.374,.211,.555,.504,15.2,25.9,.285,.529,14.0,71.1,.237,2007
0,BOS,10.26,-0.95,9.30,110.2,98.9,+11.3,90.9,.346,.249,.569,.522,14.7,26.6,.267,.457,15.2,74.4,.253,2008
1,DET,7.39,-0.72,6.67,111.4,102.9,+8.5,87.3,.300,.203,.539,.495,11.4,29.4,.230,.470,13.4,73.7,.244,2008
2,LAL,7.26,0.09,7.34,113.0,105.5,+7.5,95.6,.333,.257,.570,.525,12.9,26.3,.256,.485,12.9,73.4,.214,2008
3,UTA,6.88,-0.01,6.86,113.8,106.5,+7.3,93.2,.349,.166,.573,.528,13.6,29.5,.265,.501,15.0,74.1,.294,2008
4,ORL,5.46,-0.68,4.79,111.3,105.5,+5.8,93.4,.355,.322,.575,.537,13.6,23.4,.256,.484,12.3,74.8,.217,2008
5,NOP,5.28,0.18,5.46,111.5,105.7,+5.8,89.9,.251,.239,.548,.512,11.4,27.0,.193,.501,13.5,75.4,.184,2008
6,SAS,4.79,0.31,5.10,107.2,101.8,+5.4,88.8,.276,.251,.543,.504,12.6,23.4,.210,.477,12.8,77.1,.201,2008
7,HOU,4.68,0.15,4.83,106.8,101.6,+5.2,90.4,.276,.255,.528,.492,13.0,29.1,.200,.465,12.8,74.8,.214,2008
8,PHO,5.05,0.09,5.14,113.3,108.1,+5.2,96.7,.292,.260,.590,.551,13.4,22.4,.228,.488,11.8,70.9,.191,2008
9,DAL,4.54,0.16,4.70,111.1,106.1,+5.0,90.2,.318,.215,.554,.502,12.3,26.7,.259,.474,11.7,75.0,.252,2008
10,DEN,3.71,0.03,3.74,110.0,106.3,+3.7,99.7,.358,.228,.557,.510,12.9,25.5,.269,.499,14.1,72.1,.203,2008
11,TOR,2.90,-0.44,2.47,110.2,107.0,+3.2,90.2,.247,.217,.551,.511,11.4,23.4,.200,.505,13.5,75.0,.205,2008
12,GSW,2.21,0.17,2.38,111.8,109.5,+2.3,98.8,.276,.295,.548,.511,11.5,27.2,.208,.509,14.7,70.3,.258,2008
13,PHI,0.41,-0.23,0.19,106.4,106.0,+0.4,90.4,.321,.143,.522,.482,13.4,31.8,.227,.504,15.1,72.0,.205,2008
14,WAS,-0.33,-0.28,-0.61,109.2,109.6,-0.4,89.5,.297,.241,.535,.489,12.5,28.9,.233,.513,13.5,72.8,.217,2008
15,CLE,-0.35,-0.17,-0.53,106.0,106.4,-0.4,90.2,.308,.231,.520,.480,13.1,30.4,.221,.494,12.9,75.9,.240,2008
16,POR,-0.98,0.45,-0.52,107.3,108.4,-1.1,87.9,.281,.218,.532,.489,12.6,26.8,.216,.491,12.1,71.8,.212,2008
17,IND,-1.40,-0.46,-1.87,106.0,107.5,-1.5,97.7,.292,.289,.540,.498,13.5,24.4,.224,.498,14.1,73.9,.271,2008
18,ATL,-1.82,-0.41,-2.23,106.9,108.9,-2.0,91.1,.340,.165,.535,.483,14.0,29.7,.263,.501,12.9,71.7,.217,2008
19,SAC,-2.26,0.40,-1.86,107.5,109.9,-2.4,94.7,.346,.208,.556,.503,14.8,25.2,.276,.510,13.9,71.7,.256,2008
21,CHI,-3.09,-0.11,-3.19,103.9,107.2,-3.3,93.0,.296,.190,.515,.470,13.4,28.9,.223,.496,14.2,73.1,.258,2008
22,CHO,-4.38,-0.11,-4.49,104.6,109.4,-4.8,91.8,.323,.220,.532,.492,13.9,25.6,.230,.505,13.4,71.0,.235,2008
23,BRK,-5.06,-0.09,-5.15,104.0,109.4,-5.4,91.5,.347,.222,.528,.481,14.2,26.6,.255,.497,12.7,73.8,.271,2008
24,MEM,-6.21,0.45,-5.76,105.0,111.4,-6.4,95.3,.311,.264,.539,.500,14.0,23.8,.225,.521,12.2,73.4,.196,2008
25,NYK,-6.61,0.06,-6.55,104.7,111.9,-7.2,91.6,.310,.215,.518,.475,13.4,28.6,.226,.518,12.1,72.7,.229,2008
26,MIN,-6.78,0.52,-6.26,103.8,111.2,-7.4,91.9,.248,.185,.518,.484,13.6,27.5,.183,.513,12.9,73.6,.269,2008
27,MIL,-6.89,-0.03,-6.92,105.3,112.8,-7.5,91.3,.294,.195,.522,.482,13.7,30.0,.215,.524,13.0,73.0,.250,2008
28,LAC,-7.27,0.71,-6.56,101.2,109.1,-7.9,92.1,.338,.167,.519,.465,13.7,23.1,.264,.503,12.8,73.1,.236,2008
29,OKC,-8.76,0.72,-8.04,100.5,109.5,-9.0,96.3,.265,.134,.509,.467,14.3,26.8,.204,.503,11.9,73.7,.215,2008
30,MIA,-8.65,0.11,-8.53,100.5,110.0,-9.5,90.2,.300,.217,.522,.482,14.4,22.1,.218,.510,13.6,71.9,.245,2008
0,CLE,8.93,-0.25,8.68,112.4,102.4,+10.0,88.7,.312,.259,.560,.519,12.5,27.7,.236,.468,13.5,74.6,.226,2009
1,BOS,7.51,-0.07,7.44,110.5,102.3,+8.2,90.4,.328,.214,.571,.528,15.0,27.9,.251,.470,14.0,75.6,.253,2009
2,LAL,7.66,-0.55,7.11,112.8,104.7,+8.1,94.3,.299,.217,.555,.513,12.3,29.4,.230,.490,14.2,73.0,.213,2009
3,ORL,6.70,-0.21,6.48,109.2,101.9,+7.3,92.3,.351,.335,.559,.520,13.4,24.0,.251,.465,12.3,75.9,.209,2009
4,POR,5.34,-0.35,5.00,113.9,107.8,+6.1,86.6,.306,.239,.553,.511,12.5,32.6,.234,.499,13.2,75.0,.227,2009
5,HOU,4.00,-0.27,3.73,108.4,104.0,+4.4,90.2,.292,.254,.548,.501,13.6,26.4,.235,.479,11.9,75.3,.192,2009
6,SAS,3.76,-0.40,3.36,108.5,104.3,+4.2,88.4,.251,.248,.548,.513,11.7,22.1,.191,.487,11.7,78.0,.191,2009
7,DEN,3.41,-0.29,3.13,110.4,106.8,+3.6,94.3,.382,.227,.563,.512,14.2,27.5,.290,.485,14.1,71.7,.259,2009
8,UTA,2.65,-0.34,2.31,110.1,107.3,+2.8,93.1,.355,.169,.554,.504,13.6,28.2,.274,.505,15.0,72.7,.262,2009
9,DAL,1.98,-0.30,1.68,110.5,108.4,+2.1,91.5,.274,.241,.550,.504,12.1,26.6,.224,.493,12.3,74.6,.225,2009
10,PHO,1.93,-0.31,1.62,113.6,111.6,+2.0,96.0,.336,.216,.584,.545,14.4,27.7,.250,.511,12.8,71.7,.233,2009
11,ATL,1.57,0.13,1.70,109.3,107.6,+1.7,89.6,.323,.253,.546,.504,12.5,26.0,.238,.494,13.2,71.6,.210,2009
12,NOP,1.55,-0.14,1.41,108.7,107.0,+1.7,87.8,.288,.240,.548,.501,12.5,24.6,.232,.496,13.2,74.9,.230,2009
13,MIA,0.26,0.23,0.49,107.8,107.6,+0.2,89.9,.282,.245,.540,.500,12.1,24.6,.212,.501,14.5,72.9,.251,2009
14,PHI,0.07,0.09,0.16,107.9,107.8,+0.1,90.0,.339,.164,.532,.485,13.4,31.3,.253,.507,14.9,71.4,.216,2009
15,CHI,-0.28,0.12,-0.16,108.4,108.7,-0.3,93.1,.300,.189,.541,.493,13.3,28.0,.239,.493,13.1,70.9,.238,2009
16,DET,-0.49,0.13,-0.36,107.4,108.0,-0.6,86.7,.282,.165,.524,.483,11.7,27.9,.212,.485,11.7,74.0,.248,2009
17,IND,-1.11,0.35,-0.76,108.1,109.2,-1.1,96.5,.267,.244,.545,.501,13.1,25.4,.215,.499,12.7,74.5,.271,2009
18,MIL,-1.09,0.21,-0.88,106.7,107.9,-1.2,92.6,.306,.208,.531,.483,13.1,27.8,.239,.503,15.6,74.0,.315,2009
19,CHO,-1.27,0.07,-1.20,104.7,106.1,-1.4,88.3,.312,.213,.536,.494,15.1,27.7,.231,.498,14.4,73.0,.229,2009
21,NYK,-2.61,0.28,-2.33,108.1,110.8,-2.7,96.7,.268,.322,.544,.503,12.9,24.4,.210,.520,13.0,72.7,.215,2009
22,BRK,-2.44,0.13,-2.31,108.3,111.0,-2.7,89.9,.303,.265,.543,.497,12.7,25.2,.236,.509,13.0,73.5,.272,2009
23,TOR,-2.82,0.28,-2.54,107.0,110.0,-3.0,92.0,.279,.193,.542,.494,12.8,24.0,.230,.511,12.6,73.7,.202,2009
24,GSW,-3.74,-0.06,-3.80,109.5,113.3,-3.8,98.2,.339,.209,.549,.497,12.9,26.1,.268,.508,12.9,68.1,.251,2009
25,MIN,-4.91,0.18,-4.74,106.1,111.4,-5.3,91.6,.289,.227,.526,.481,13.3,27.7,.222,.515,12.0,75.0,.254,2009
26,MEM,-5.46,0.24,-5.23,103.5,109.5,-6.0,90.1,.329,.175,.533,.486,14.8,25.8,.249,.515,14.1,73.5,.247,2009
27,OKC,-6.10,0.06,-6.04,102.9,109.4,-6.5,93.6,.308,.141,.521,.471,14.8,28.6,.242,.514,13.0,73.9,.216,2009
28,WAS,-7.46,0.48,-6.98,105.4,113.6,-8.2,91.0,.293,.180,.524,.480,13.2,27.7,.224,.533,13.3,71.4,.227,2009
29,SAC,-8.76,0.16,-8.60,105.5,114.7,-9.2,94.2,.315,.238,.542,.491,14.3,24.5,.252,.526,13.0,69.9,.269,2009
30,LAC,-8.77,0.30,-8.47,102.3,111.7,-9.4,92.1,.275,.226,.520,.481,14.0,25.1,.202,.512,12.4,71.2,.227,2009
0,ORL,7.49,-0.37,7.12,111.4,103.3,+8.1,92.0,.340,.350,.573,.536,13.6,24.6,.246,.477,12.2,77.4,.205,2010
1,CLE,6.52,-0.36,6.17,111.2,104.1,+7.1,91.4,.341,.248,.570,.532,13.4,25.1,.246,.482,12.3,77.2,.218,2010
2,UTA,5.34,-0.01,5.33,110.7,105.0,+5.7,93.8,.340,.184,.565,.524,14.2,26.8,.252,.492,14.2,75.6,.269,2010
3,SAS,5.09,-0.02,5.07,110.0,104.5,+5.5,91.7,.296,.232,.552,.515,12.9,26.8,.219,.483,12.1,76.3,.214,2010
4,ATL,4.66,-0.22,4.44,111.9,106.7,+5.2,90.1,.281,.214,.545,.506,11.4,28.2,.213,.496,13.2,72.7,.208,2010
5,PHO,4.90,-0.23,4.67,115.3,110.2,+5.1,95.3,.312,.261,.585,.546,13.6,27.6,.240,.491,11.6,70.8,.224,2010
6,LAL,4.72,0.06,4.78,108.8,103.7,+5.1,92.8,.289,.227,.538,.496,12.4,27.6,.221,.484,13.2,74.4,.195,2010
7,DEN,4.09,0.06,4.15,111.8,107.5,+4.3,94.8,.376,.227,.561,.509,12.7,26.1,.290,.495,13.8,72.4,.251,2010
8,BOS,3.66,-0.29,3.37,107.7,103.8,+3.9,91.6,.332,.228,.564,.522,14.5,22.8,.248,.487,14.9,73.8,.251,2010
9,POR,3.30,-0.13,3.18,110.8,107.1,+3.7,87.7,.315,.215,.547,.499,12.1,28.2,.249,.502,13.3,74.8,.219,2010
10,OKC,3.49,0.06,3.55,108.3,104.6,+3.7,93.1,.333,.185,.547,.494,13.9,28.6,.268,.483,14.0,73.6,.229,2010
11,DAL,2.72,-0.06,2.66,109.2,106.3,+2.9,92.5,.277,.222,.552,.506,12.3,24.3,.226,.495,13.6,73.7,.206,2010
12,MIA,2.28,-0.29,1.99,106.6,104.1,+2.5,89.6,.296,.219,.537,.496,12.8,26.1,.223,.480,13.9,74.9,.246,2010
13,MIL,1.70,-0.32,1.37,104.9,103.1,+1.8,91.7,.239,.259,.518,.482,12.3,26.2,.181,.486,14.6,76.4,.266,2010
14,CHO,1.46,-0.17,1.30,104.4,102.8,+1.6,90.4,.346,.211,.538,.490,15.1,26.5,.260,.491,14.7,74.2,.194,2010
15,HOU,-0.37,0.35,-0.02,107.6,108.0,-0.4,94.0,.292,.265,.537,.494,13.2,26.9,.225,.511,13.6,73.8,.215,2010
16,MEM,-1.51,0.13,-1.39,108.3,109.9,-1.6,93.6,.320,.148,.536,.494,13.7,31.3,.235,.520,13.2,73.3,.205,2010
17,CHI,-1.63,0.00,-1.64,103.5,105.3,-1.8,93.1,.287,.156,.520,.477,13.3,26.6,.217,.484,12.3,74.8,.212,2010
18,TOR,-1.78,-0.05,-1.83,111.3,113.2,-1.9,93.1,.319,.211,.564,.521,12.7,24.7,.244,.513,11.8,72.9,.247,2010
19,NOP,-2.46,0.19,-2.27,107.4,110.1,-2.7,92.6,.243,.230,.543,.506,12.7,24.8,.189,.523,13.5,73.8,.205,2010
21,IND,-3.01,-0.10,-3.11,103.7,106.8,-3.1,97.1,.296,.278,.536,.491,13.8,21.6,.229,.490,13.4,73.0,.258,2010
22,GSW,-3.60,0.32,-3.28,108.1,111.7,-3.6,100.4,.294,.238,.557,.514,13.1,20.9,.230,.525,15.1,68.5,.260,2010
23,NYK,-3.82,-0.19,-4.01,107.6,111.6,-4.0,94.0,.256,.312,.547,.509,13.0,23.5,.200,.526,13.3,72.1,.207,2010
24,PHI,-3.90,-0.03,-3.93,106.1,110.3,-4.2,91.6,.270,.206,.534,.496,13.7,27.6,.204,.518,13.8,73.2,.231,2010
25,SAC,-4.37,0.30,-4.06,105.3,109.9,-4.6,94.0,.286,.201,.528,.491,13.6,27.8,.207,.505,12.6,73.5,.244,2010
26,WAS,-4.78,0.06,-4.72,104.2,109.4,-5.2,91.6,.283,.183,.524,.481,13.9,27.6,.216,.502,12.8,72.4,.239,2010
27,DET,-5.11,0.09,-5.02,105.6,111.4,-5.8,88.5,.303,.180,.515,.474,12.8,30.3,.220,.526,14.2,73.4,.264,2010
28,LAC,-6.35,0.34,-6.01,103.3,110.1,-6.8,92.6,.283,.221,.529,.491,14.8,27.1,.206,.509,12.2,74.0,.214,2010
29,MIN,-9.60,0.54,-9.06,101.7,111.6,-9.9,96.1,.278,.171,.518,.478,14.6,26.7,.207,.525,13.0,73.6,.220,2010
30,BRK,-9.12,0.19,-8.93,100.6,110.5,-9.9,91.4,.307,.181,.509,.458,13.7,25.1,.240,.517,13.3,71.8,.229,2010
0,MIA,7.46,-0.71,6.76,111.7,103.5,+8.2,90.9,.363,.235,.573,.524,13.5,25.2,.279,.475,12.6,75.5,.223,2011
1,CHI,7.32,-0.79,6.53,108.3,100.3,+8.0,90.4,.305,.215,.541,.501,13.5,29.4,.227,.463,13.6,76.2,.222,2011
2,LAL,6.11,-0.10,6.01,111.0,104.3,+6.7,90.7,.293,.220,.545,.502,12.3,29.2,.228,.477,12.8,72.3,.181,2011
3,SAS,5.71,0.16,5.86,111.8,105.6,+6.2,92.3,.299,.261,.567,.527,12.8,24.9,.229,.491,12.6,74.6,.190,2011
4,BOS,5.37,-0.54,4.83,106.2,100.3,+5.9,90.4,.305,.180,.561,.519,14.5,21.1,.235,.469,14.8,74.7,.235,2011
5,ORL,5.46,-0.54,4.92,107.9,102.0,+5.9,91.2,.328,.328,.554,.521,14.3,26.1,.227,.475,13.3,76.9,.219,2011
6,DEN,4.76,0.05,4.81,112.3,107.3,+5.0,95.6,.367,.258,.574,.526,13.1,23.9,.281,.500,12.7,75.4,.224,2011
7,DAL,4.23,0.18,4.41,109.7,105.0,+4.7,91.3,.286,.274,.565,.525,13.6,24.1,.222,.488,13.0,74.8,.206,2011
8,OKC,3.79,0.02,3.81,111.2,107.2,+4.0,92.7,.363,.212,.561,.501,13.1,27.4,.299,.493,12.9,73.6,.228,2011
9,MEM,2.34,0.20,2.55,107.6,105.1,+2.5,91.9,.291,.136,.534,.493,13.0,28.9,.218,.502,15.7,72.5,.228,2011
10,HOU,2.18,0.19,2.37,111.3,109.0,+2.3,94.2,.299,.264,.550,.503,12.3,27.4,.239,.500,12.6,72.7,.219,2011
11,POR,1.52,0.32,1.85,108.8,107.1,+1.7,87.9,.278,.228,.533,.486,12.6,29.5,.224,.510,15.4,72.0,.231,2011
12,PHI,1.50,-0.50,1.01,106.6,105.0,+1.6,91.7,.273,.184,.535,.494,12.3,24.6,.210,.487,13.5,74.5,.231,2011
13,NOP,0.89,0.39,1.28,106.2,105.2,+1.0,88.7,.296,.192,.537,.493,12.8,25.1,.226,.501,14.4,76.2,.220,2011
14,NYK,0.78,-0.30,0.48,110.9,110.1,+0.8,95.6,.304,.303,.561,.513,12.6,24.2,.246,.511,13.8,71.9,.240,2011
15,MIL,-0.84,-0.17,-1.02,101.6,102.5,-0.9,89.8,.287,.216,.511,.467,13.0,24.7,.217,.481,14.7,74.8,.236,2011
16,PHO,-0.89,0.43,-0.46,109.5,110.4,-0.9,94.4,.283,.271,.559,.522,13.2,23.7,.215,.513,13.1,71.6,.211,2011
17,ATL,-0.82,-0.28,-1.10,106.1,107.0,-0.9,89.3,.269,.222,.542,.501,13.5,23.4,.209,.495,12.3,74.6,.211,2011
18,IND,-1.07,-0.30,-1.38,104.8,106.0,-1.2,94.7,.300,.244,.533,.486,14.1,25.9,.235,.487,12.8,74.1,.237,2011
19,UTA,-1.83,0.39,-1.44,108.1,110.1,-2.0,91.0,.313,.191,.544,.498,13.5,27.0,.241,.505,13.8,71.7,.275,2011
21,GSW,-2.33,0.33,-2.00,108.2,110.7,-2.5,94.8,.241,.248,.544,.510,13.3,26.7,.183,.509,14.5,69.3,.259,2011
22,LAC,-3.13,0.42,-2.71,105.3,108.7,-3.4,92.8,.332,.230,.535,.496,15.1,28.4,.234,.499,12.8,73.2,.250,2011
23,DET,-3.60,-0.18,-3.78,107.7,111.7,-4.0,89.2,.279,.189,.533,.495,12.5,27.4,.206,.526,13.8,72.1,.235,2011
24,CHO,-4.00,-0.08,-4.08,103.4,107.8,-4.4,89.6,.314,.189,.528,.482,14.1,25.7,.237,.500,12.9,75.2,.229,2011
25,SAC,-5.34,0.54,-4.80,103.5,109.0,-5.5,95.2,.284,.183,.519,.480,14.4,29.9,.208,.513,13.5,74.4,.233,2011
26,BRK,-6.24,-0.04,-6.28,103.1,109.9,-6.8,89.9,.283,.201,.517,.474,13.4,26.1,.215,.503,11.8,74.2,.241,2011
27,TOR,-6.28,0.01,-6.28,106.1,112.9,-6.8,92.9,.293,.162,.533,.491,13.7,28.2,.221,.522,13.0,72.0,.251,2011
28,MIN,-6.63,0.67,-5.97,104.2,111.1,-6.9,96.5,.282,.223,.526,.483,15.1,29.6,.217,.514,13.1,73.7,.251,2011
29,WAS,-7.40,0.11,-7.30,102.4,110.2,-7.8,93.8,.290,.172,.513,.471,13.9,28.0,.216,.512,14.4,70.5,.249,2011
30,CLE,-9.01,0.14,-8.88,102.2,111.8,-9.6,93.0,.312,.224,.518,.472,13.4,24.2,.233,.524,12.7,73.3,.211,2011
0,CHI,8.18,-0.76,7.43,107.4,98.3,+9.1,89.1,.255,.205,.523,.490,13.2,32.6,.184,.450,12.8,74.3,.175,2012
1,SAS,7.17,0.11,7.28,110.9,103.2,+7.7,92.9,.261,.257,.562,.528,12.8,25.1,.195,.489,12.9,76.0,.168,2012
2,OKC,6.12,0.32,6.44,109.8,103.2,+6.6,93.0,.334,.252,.567,.516,15.3,27.8,.269,.465,13.0,72.1,.207,2012
3,MIA,5.98,-0.27,5.72,106.6,100.2,+6.4,91.2,.307,.198,.549,.505,14.5,26.6,.238,.479,15.8,73.9,.200,2012
4,PHI,4.24,-0.65,3.59,103.9,99.2,+4.7,89.7,.217,.175,.511,.480,10.9,24.4,.161,.460,13.5,75.2,.192,2012
5,ATL,3.44,-0.77,2.67,104.9,101.2,+3.7,90.2,.259,.249,.535,.500,13.4,23.9,.192,.480,14.4,74.4,.186,2012
6,IND,3.30,-0.71,2.60,106.7,103.1,+3.6,90.7,.321,.198,.526,.474,13.1,29.2,.251,.476,14.1,72.3,.222,2012
7,NYK,3.20,-0.81,2.39,104.4,101.0,+3.4,93.2,.306,.288,.533,.492,14.9,26.6,.227,.485,15.9,73.7,.224,2012
8,DEN,2.88,0.29,3.16,109.2,106.2,+3.0,94.2,.326,.243,.556,.516,14.1,27.7,.239,.508,14.3,74.3,.185,2012
9,BOS,2.52,-0.26,2.26,101.0,98.2,+2.8,90.4,.257,.194,.535,.496,14.7,19.7,.200,.452,14.9,72.4,.216,2012
10,LAC,2.56,0.26,2.82,108.5,105.7,+2.8,89.2,.287,.269,.533,.502,12.7,29.5,.195,.492,14.2,73.2,.245,2012
11,MEM,2.02,0.42,2.43,104.0,101.8,+2.2,90.8,.277,.157,.515,.473,13.6,29.8,.211,.485,16.3,72.7,.227,2012
12,LAL,1.42,0.54,1.96,106.0,104.4,+1.6,90.5,.299,.209,.534,.491,14.2,29.1,.226,.476,10.7,74.8,.158,2012
13,DAL,0.95,0.83,1.78,103.3,102.3,+1.0,91.4,.246,.271,.527,.489,13.4,23.4,.190,.479,13.9,74.8,.203,2012
14,ORL,0.79,-0.33,0.46,105.0,104.1,+0.9,89.0,.292,.346,.533,.506,14.5,26.5,.193,.488,12.9,75.5,.190,2012
15,UTA,0.62,0.30,0.92,106.8,106.1,+0.7,91.4,.302,.153,.525,.481,13.0,30.2,.227,.493,13.8,73.8,.245,2012
16,MIL,0.27,-0.50,-0.23,105.5,105.2,+0.3,93.7,.250,.224,.521,.481,12.9,27.7,.194,.489,14.6,70.9,.217,2012
17,HOU,0.23,0.35,0.57,105.5,105.2,+0.3,91.7,.235,.240,.529,.492,13.5,27.5,.184,.490,13.8,73.4,.210,2012
18,PHO,-0.24,0.53,0.29,106.2,106.5,-0.3,92.6,.257,.238,.536,.499,13.3,25.8,.194,.491,13.1,71.7,.200,2012
19,POR,-0.62,0.41,-0.22,105.7,106.4,-0.7,91.2,.263,.255,.531,.488,13.4,26.3,.209,.504,14.1,72.8,.199,2012
21,MIN,-2.20,0.37,-1.83,104.3,106.6,-2.3,93.3,.306,.262,.524,.477,14.0,27.5,.236,.491,12.2,73.0,.187,2012
22,GSW,-3.41,0.62,-2.79,105.4,109.1,-3.7,92.3,.227,.248,.539,.505,13.3,22.9,.175,.496,13.6,69.1,.237,2012
23,TOR,-3.30,-0.36,-3.67,100.8,104.5,-3.7,89.3,.274,.209,.518,.475,14.8,25.9,.211,.475,12.8,75.4,.260,2012
24,NOP,-3.76,0.65,-3.11,100.9,105.1,-4.2,88.3,.274,.152,.517,.476,15.2,27.5,.207,.485,13.5,73.1,.218,2012
25,WAS,-4.80,-0.34,-5.14,101.0,106.2,-5.2,92.5,.253,.196,.508,.472,14.2,27.3,.184,.492,14.2,70.9,.229,2012
26,DET,-4.79,-0.40,-5.19,101.0,106.3,-5.3,89.2,.279,.175,.510,.468,15.0,28.1,.210,.500,14.2,72.8,.226,2012
27,SAC,-5.68,0.73,-4.95,103.8,109.8,-6.0,94.7,.268,.228,.510,.472,13.0,29.1,.197,.515,13.9,70.5,.199,2012
28,BRK,-5.98,-0.39,-6.37,102.9,109.6,-6.7,90.1,.269,.278,.516,.473,14.3,27.8,.209,.513,13.7,70.7,.209,2012
29,CLE,-7.20,-0.14,-7.34,101.1,108.9,-7.8,91.3,.307,.238,.505,.463,14.3,28.9,.220,.508,13.1,72.2,.202,2012
30,CHO,-13.91,-0.05,-13.96,95.2,110.4,-15.2,91.1,.276,.169,.483,.439,13.9,23.6,.206,.512,12.8,70.9,.206,2012
0,OKC,9.21,-0.06,9.15,112.4,102.6,+9.8,93.3,.338,.244,.580,.527,14.4,26.7,.280,.469,13.5,73.4,.197,2013
1,MIA,7.87,-0.84,7.03,112.3,103.7,+8.6,90.7,.297,.285,.588,.552,13.7,22.2,.224,.487,14.8,73.0,.200,2013
2,LAC,6.45,-0.02,6.43,110.6,103.6,+7.0,91.1,.286,.265,.557,.526,13.9,28.8,.203,.492,15.4,73.5,.229,2013
3,SAS,6.40,0.27,6.67,108.3,101.6,+6.7,94.2,.258,.264,.568,.531,14.0,20.5,.204,.480,13.7,74.9,.179,2013
4,DEN,5.09,0.28,5.37,110.4,105.1,+5.3,95.1,.308,.217,.549,.515,13.6,31.4,.216,.493,14.3,71.8,.193,2013
5,NYK,4.23,-0.50,3.73,111.1,106.3,+4.8,89.8,.258,.354,.550,.515,11.7,25.6,.196,.508,14.8,74.7,.216,2013
6,MEM,4.15,0.18,4.32,104.9,100.3,+4.6,88.4,.261,.166,.514,.472,13.3,31.0,.202,.475,15.2,74.3,.209,2013
7,IND,4.02,-0.69,3.34,104.3,99.8,+4.5,90.2,.293,.245,.521,.479,14.3,30.3,.219,.453,12.9,74.6,.197,2013
8,HOU,3.48,0.22,3.69,109.7,106.1,+3.6,96.1,.308,.349,.564,.525,14.9,26.4,.232,.502,13.5,75.2,.196,2013
9,BRK,1.78,-0.53,1.25,108.2,106.2,+2.0,88.8,.299,.269,.536,.498,14.0,30.9,.219,.503,13.1,73.7,.174,2013
10,LAL,1.16,0.32,1.48,107.8,106.6,+1.2,94.4,.345,.303,.548,.512,13.9,27.0,.239,.496,11.9,74.3,.163,2013
11,GSW,0.89,0.42,1.32,106.4,105.5,+0.9,94.5,.255,.239,.545,.506,14.0,25.4,.201,.486,12.4,75.5,.211,2013
12,ATL,0.40,-0.48,-0.08,104.8,104.4,+0.4,92.6,.244,.286,.546,.517,14.2,22.2,.174,.496,14.2,73.6,.181,2013
13,CHI,0.32,-0.33,-0.02,103.5,103.2,+0.3,89.3,.259,.189,.512,.470,13.6,29.4,.201,.477,13.2,73.6,.206,2013
14,UTA,-0.09,0.38,0.30,106.7,106.8,-0.1,90.9,.281,.206,.533,.492,13.8,28.8,.214,.501,14.0,73.2,.226,2013
15,BOS,-0.22,-0.40,-0.62,103.1,103.3,-0.2,91.7,.263,.215,.542,.503,14.1,20.1,.204,.482,14.2,73.3,.216,2013
16,DAL,-0.60,0.36,-0.24,105.9,106.5,-0.6,94.1,.242,.236,.544,.506,13.0,21.8,.192,.492,13.3,73.1,.227,2013
17,MIL,-1.50,-0.33,-1.83,103.6,105.2,-1.6,94.7,.236,.232,.510,.476,12.7,27.9,.174,.492,14.4,71.3,.201,2013
18,TOR,-1.48,-0.48,-1.96,105.9,107.5,-1.6,90.4,.274,.249,.532,.488,13.0,25.5,.216,.500,13.6,73.4,.247,2013
19,MIN,-2.37,0.54,-1.83,102.9,105.4,-2.5,92.8,.305,.220,.516,.473,13.8,27.4,.226,.511,15.0,74.0,.187,2013
21,WAS,-2.54,-0.25,-2.78,100.2,103.0,-2.8,92.2,.261,.223,.512,.475,14.2,24.6,.191,.483,13.7,74.6,.206,2013
22,POR,-3.17,0.65,-2.53,105.8,109.2,-3.4,91.4,.250,.284,.536,.498,13.9,25.3,.194,.512,12.5,73.3,.189,2013
23,PHI,-3.34,-0.17,-3.51,102.0,105.7,-3.7,91.0,.200,.209,.509,.481,12.5,24.9,.146,.495,13.7,73.4,.200,2013
24,DET,-3.99,-0.34,-4.33,103.8,108.1,-4.3,90.8,.282,.217,.521,.487,14.3,28.3,.197,.505,13.1,73.0,.209,2013
25,NOP,-3.87,0.75,-3.12,105.7,110.1,-4.4,88.5,.248,.224,.528,.489,14.0,29.2,.193,.520,13.1,74.4,.208,2013
26,CLE,-4.68,-0.19,-4.87,104.3,109.4,-5.1,92.3,.265,.229,.514,.473,13.0,28.1,.200,.523,14.4,72.6,.225,2013
27,SAC,-4.88,0.62,-4.26,106.2,111.4,-5.2,93.6,.271,.243,.532,.491,13.4,26.6,.208,.517,13.6,71.0,.227,2013
28,PHO,-6.46,0.71,-5.75,101.2,108.1,-6.9,93.4,.234,.210,.512,.477,14.3,27.0,.174,.512,14.2,71.9,.208,2013
29,ORL,-6.99,-0.14,-7.12,101.6,109.1,-7.5,92.2,.197,.223,.514,.485,13.7,25.4,.149,.508,11.8,74.6,.195,2013
30,CHO,-9.23,-0.06,-9.29,101.5,111.5,-10.0,91.5,.310,.210,.507,.460,13.2,25.7,.233,.524,13.2,71.1,.197,2013
0,SAS,7.72,0.28,8.00,110.5,102.4,+8.1,95.0,.240,.257,.571,.537,13.5,22.7,.188,.482,12.8,76.4,.184,2014
1,LAC,6.98,0.30,7.27,112.1,104.8,+7.3,95.9,.353,.291,.567,.526,12.7,25.0,.258,.484,13.8,72.5,.222,2014
2,OKC,6.34,0.32,6.66,110.5,103.9,+6.6,95.4,.303,.271,.566,.520,14.0,26.5,.244,.488,13.9,75.6,.221,2014
3,MIA,4.76,-0.61,4.15,110.9,105.8,+5.1,91.2,.300,.292,.590,.554,14.6,20.6,.228,.511,15.8,73.0,.212,2014
4,GSW,4.80,0.34,5.15,107.5,102.6,+4.9,96.2,.247,.291,.550,.517,13.8,25.1,.186,.477,13.6,76.3,.224,2014
5,IND,4.40,-0.77,3.63,104.1,99.3,+4.8,92.5,.290,.235,.535,.490,14.3,24.9,.226,.460,12.9,76.8,.197,2014
6,HOU,4.56,0.50,5.06,111.0,106.3,+4.7,96.3,.386,.330,.571,.531,14.6,27.4,.275,.489,12.5,74.1,.193,2014
7,POR,3.99,0.45,4.44,111.5,107.4,+4.1,94.9,.270,.290,.548,.504,12.4,28.0,.220,.488,11.0,74.7,.194,2014
8,TOR,3.24,-0.69,2.55,108.8,105.3,+3.5,91.8,.306,.285,.545,.498,13.2,27.2,.239,.493,14.1,74.9,.237,2014
9,PHO,2.63,0.39,3.02,109.5,106.7,+2.8,95.8,.293,.300,.558,.519,14.0,26.4,.222,.496,13.9,73.7,.237,2014
10,MIN,2.67,0.43,3.10,108.9,106.2,+2.7,97.3,.321,.245,.535,.486,12.2,27.4,.249,.518,14.8,74.4,.177,2014
11,DAL,2.40,0.50,2.91,111.2,108.7,+2.5,93.5,.253,.274,.564,.526,12.7,24.6,.201,.515,14.8,72.7,.229,2014
12,CHI,1.85,-0.66,1.20,102.5,100.5,+2.0,90.2,.290,.222,.518,.471,14.2,27.2,.226,.471,13.7,75.4,.189,2014
13,MEM,1.57,0.61,2.18,106.3,104.6,+1.7,89.9,.248,.171,.529,.494,13.1,28.3,.184,.497,13.8,75.7,.199,2014
14,WAS,1.27,-0.79,0.48,106.0,104.6,+1.4,93.2,.248,.246,.538,.506,13.6,25.2,.181,.504,15.0,75.7,.220,2014
15,CHO,-0.22,-0.67,-0.89,103.6,103.8,-0.2,92.4,.297,.219,.522,.481,11.7,21.9,.219,.491,12.6,77.6,.183,2014
16,ATL,-0.48,-0.40,-0.88,105.9,106.4,-0.5,94.6,.266,.316,.554,.515,14.3,21.0,.208,.510,14.0,74.4,.196,2014
17,NYK,-0.79,-0.61,-1.40,108.3,109.1,-0.8,90.3,.248,.302,.541,.505,12.5,25.1,.189,.514,14.0,74.3,.245,2014
18,BRK,-1.00,-0.58,-1.58,106.7,107.7,-1.0,91.4,.313,.301,.555,.514,14.1,21.7,.236,.509,14.9,72.3,.236,2014
19,DEN,-2.15,0.75,-1.40,106.0,108.2,-2.2,98.1,.306,.278,.536,.497,14.0,27.5,.222,.500,12.8,74.5,.233,2014
21,NOP,-2.71,0.73,-1.98,107.2,110.1,-2.9,92.2,.286,.193,.537,.495,12.9,26.9,.220,.515,13.6,73.8,.249,2014
22,SAC,-2.90,0.82,-2.08,105.7,108.8,-3.1,94.4,.331,.218,.532,.484,13.9,27.8,.251,.512,12.7,76.6,.234,2014
23,CLE,-3.29,-0.57,-3.86,104.2,107.7,-3.5,93.1,.268,.236,.518,.479,13.0,27.2,.201,.508,13.0,75.8,.199,2014
24,DET,-3.66,-0.48,-4.13,105.9,109.7,-3.8,94.9,.296,.222,.514,.482,12.9,31.4,.199,.520,13.8,73.4,.218,2014
25,BOS,-4.46,-0.51,-4.97,102.9,107.7,-4.8,93.3,.248,.251,.517,.477,14.2,27.4,.193,.505,13.4,74.2,.227,2014
26,ORL,-5.44,-0.44,-5.88,101.7,107.4,-5.7,93.6,.253,.235,.525,.487,13.9,22.4,.193,.504,13.0,75.5,.211,2014
27,LAL,-6.29,0.96,-5.33,104.2,110.6,-6.4,98.7,.263,.291,.542,.505,13.7,20.2,.199,.513,12.4,71.0,.192,2014
28,UTA,-7.17,0.91,-6.27,103.5,111.3,-7.8,91.4,.271,.237,.523,.484,13.9,25.5,.202,.518,12.1,74.5,.227,2014
29,MIL,-8.18,-0.23,-8.41,103.0,111.8,-8.8,91.8,.274,.231,.519,.479,14.1,27.1,.204,.520,13.2,71.4,.225,2014
30,PHI,-10.45,-0.21,-10.66,99.4,109.9,-10.5,99.2,.268,.258,.510,.475,14.8,24.8,.190,.524,14.9,72.4,.244,2014
0,GSW,10.10,-0.09,10.01,111.6,101.4,+10.2,98.3,.239,.311,.571,.540,13.1,24.1,.184,.470,14.3,74.5,.217,2015
1,LAC,6.59,0.22,6.80,112.4,105.5,+6.9,94.7,.303,.322,.565,.533,11.6,22.8,.215,.493,13.2,75.7,.231,2015
2,SAS,6.20,0.14,6.34,108.5,102.0,+6.5,93.8,.256,.269,.555,.517,13.1,23.4,.200,.484,13.3,77.3,.190,2015
3,ATL,5.43,-0.68,4.75,108.9,103.1,+5.8,93.9,.259,.321,.563,.527,13.5,21.4,.201,.492,14.9,73.4,.185,2015
4,CLE,4.48,-0.40,4.08,111.1,106.3,+4.8,92.3,.287,.334,.557,.520,13.4,26.8,.216,.502,12.6,74.7,.177,2015
5,POR,4.23,0.18,4.41,108.2,103.7,+4.5,94.2,.225,.316,.544,.508,12.6,24.2,.180,.476,11.3,76.2,.182,2015
6,HOU,3.44,0.38,3.82,107.0,103.4,+3.6,96.5,.312,.392,.548,.512,15.0,26.8,.223,.486,14.6,72.9,.208,2015
7,MEM,3.24,0.38,3.62,105.7,102.2,+3.5,92.0,.276,.184,.531,.489,12.6,24.7,.214,.492,14.5,75.3,.183,2015
8,TOR,3.07,-0.62,2.45,111.0,107.7,+3.3,92.8,.295,.302,.553,.508,12.0,25.6,.232,.506,13.4,73.3,.208,2015
9,CHI,3.00,-0.46,2.54,107.5,104.3,+3.2,92.8,.304,.269,.536,.489,12.9,27.0,.238,.473,11.3,74.4,.182,2015
10,DAL,2.90,0.46,3.36,109.5,106.4,+3.1,95.2,.262,.296,.550,.515,11.9,23.6,.197,.503,14.7,72.2,.204,2015
11,OKC,2.18,0.28,2.47,107.8,105.5,+2.3,95.7,.284,.262,.532,.492,13.1,28.9,.214,.489,12.4,75.6,.213,2015
12,NOP,0.79,0.34,1.13,108.2,107.3,+0.9,91.4,.263,.233,.537,.501,12.5,27.1,.198,.496,11.7,75.1,.195,2015
13,WAS,0.72,-0.55,0.17,103.7,103.0,+0.7,93.7,.259,.203,.534,.499,14.0,24.9,.192,.481,12.9,77.3,.210,2015
14,MIL,0.43,-0.52,-0.09,102.7,102.2,+0.5,94.1,.258,.223,.536,.499,15.5,25.4,.195,.487,15.9,73.3,.221,2015
15,IND,0.28,-0.51,-0.23,103.5,103.2,+0.3,93.2,.266,.255,.523,.484,13.1,24.0,.201,.478,12.0,77.9,.217,2015
16,UTA,0.22,0.49,0.71,105.1,104.9,+0.2,90.4,.297,.274,.531,.494,14.6,29.1,.214,.491,12.8,76.3,.199,2015
17,BOS,0.16,-0.56,-0.40,104.7,104.5,+0.2,95.8,.233,.280,.523,.489,12.5,24.7,.176,.494,13.7,75.0,.208,2015
18,PHO,-0.90,0.52,-0.38,105.3,106.2,-0.9,96.3,.251,.291,.537,.501,13.7,24.5,.191,.497,14.0,73.5,.221,2015
19,DET,-1.00,-0.39,-1.39,105.3,106.4,-1.1,92.8,.261,.290,.515,.482,12.3,27.7,.184,.502,13.2,75.0,.192,2015
21,MIA,-2.60,-0.32,-2.92,103.9,106.7,-2.8,90.9,.306,.262,.540,.500,14.5,23.2,.227,.505,14.2,73.4,.213,2015
22,BRK,-2.88,-0.25,-3.13,104.4,107.4,-3.0,92.7,.267,.240,.529,.491,13.0,23.9,.200,.506,12.9,73.7,.185,2015
23,CHO,-3.17,-0.27,-3.44,100.1,103.5,-3.4,93.0,.269,.226,.498,.456,11.2,22.1,.202,.487,12.0,79.3,.188,2015
24,DEN,-3.55,0.48,-3.07,104.5,108.2,-3.7,96.1,.278,.284,.518,.479,12.7,26.6,.204,.504,13.0,74.7,.239,2015
25,SAC,-3.71,0.64,-3.07,105.3,109.2,-3.9,95.4,.363,.204,.542,.490,14.8,26.5,.276,.507,11.8,75.2,.200,2015
26,ORL,-5.72,-0.15,-5.87,101.6,107.7,-6.1,93.8,.230,.235,.524,.494,14.0,23.1,.168,.514,13.6,76.0,.210,2015
27,LAL,-6.84,0.67,-6.17,103.4,110.6,-7.2,94.0,.276,.220,.513,.473,12.1,25.4,.204,.518,12.1,76.3,.231,2015
28,MIN,-8.79,0.79,-8.00,102.9,112.2,-9.3,94.4,.309,.179,.517,.468,13.7,26.6,.240,.537,13.9,71.6,.187,2015
29,PHI,-8.98,-0.07,-9.04,95.5,104.8,-9.3,95.7,.288,.319,.494,.459,16.0,25.5,.195,.497,15.2,73.0,.225,2015
30,NYK,-9.32,-0.18,-9.50,99.9,110.0,-10.1,91.2,.234,.240,.508,.470,14.0,24.5,.180,.512,13.3,73.1,.234,2015
0,SAS,10.63,-0.36,10.28,110.3,99.0,+11.3,93.8,.246,.223,.564,.526,12.4,23.0,.197,.477,14.1,79.1,.182,2016
1,GSW,10.76,-0.38,10.38,114.5,103.8,+10.7,99.3,.250,.362,.593,.563,13.5,23.5,.191,.479,12.6,76.0,.208,2016
2,OKC,7.28,-0.19,7.09,113.1,105.6,+7.5,96.7,.292,.275,.565,.524,14.0,31.1,.228,.484,11.7,76.0,.205,2016
3,CLE,6.00,-0.55,5.45,110.9,104.5,+6.4,93.3,.259,.352,.558,.524,12.7,25.1,.194,.496,12.6,78.5,.205,2016
4,TOR,4.50,-0.42,4.08,110.0,105.2,+4.8,92.9,.328,.287,.552,.504,12.3,24.6,.255,.498,12.7,77.7,.201,2016
5,LAC,4.28,-0.15,4.13,108.3,103.8,+4.5,95.8,.318,.324,.556,.524,12.1,20.1,.220,.480,13.8,73.8,.222,2016
6,ATL,3.61,-0.12,3.49,105.1,101.4,+3.7,97.1,.237,.336,.552,.516,13.8,19.1,.185,.480,14.4,74.6,.194,2016
7,BOS,3.21,-0.37,2.84,106.8,103.6,+3.2,98.5,.264,.293,.531,.488,12.1,25.1,.208,.487,14.6,74.6,.231,2016
8,CHO,2.72,-0.36,2.36,107.1,104.3,+2.8,95.7,.280,.348,.545,.502,11.7,20.0,.222,.496,12.5,79.8,.191,2016
9,UTA,1.79,0.05,1.84,105.9,103.9,+2.0,91.0,.286,.297,.540,.501,14.2,25.9,.213,.495,13.5,77.7,.210,2016
10,MIA,1.65,-0.14,1.50,106.1,104.4,+1.7,93.6,.282,.221,.545,.508,13.3,23.8,.210,.485,12.1,77.8,.196,2016
11,IND,1.71,-0.09,1.62,104.6,102.9,+1.7,96.6,.268,.270,.536,.497,13.5,23.4,.205,.489,14.3,76.0,.205,2016
12,POR,0.83,0.15,0.98,108.8,108.0,+0.8,96.0,.268,.332,.548,.511,13.2,25.9,.202,.503,12.1,76.2,.225,2016
13,DET,0.61,-0.18,0.43,106.1,105.5,+0.6,95.1,.296,.303,.522,.491,12.2,27.0,.197,.504,12.5,79.3,.196,2016
14,HOU,0.20,0.14,0.34,108.3,108.1,+0.2,97.6,.352,.370,.553,.516,14.2,25.7,.244,.516,14.7,72.8,.219,2016
15,DAL,-0.30,0.29,-0.02,106.7,107.0,-0.3,94.3,.265,.339,.544,.502,12.0,20.6,.211,.504,12.8,76.2,.198,2016
16,WAS,-0.50,0.00,-0.50,105.3,105.8,-0.5,98.5,.263,.282,.544,.511,13.1,20.6,.192,.515,14.6,77.7,.218,2016
17,CHI,-1.48,0.01,-1.46,105.0,106.5,-1.5,95.7,.240,.244,.526,.487,12.6,24.5,.189,.485,10.7,74.9,.182,2016
18,ORL,-1.62,-0.06,-1.68,105.1,106.8,-1.7,96.0,.232,.255,.533,.500,12.8,23.1,.175,.513,13.8,76.5,.215,2016
19,SAC,-2.48,0.16,-2.32,106.0,108.4,-2.4,100.0,.295,.260,.546,.510,14.2,23.9,.214,.521,14.0,74.9,.202,2016
21,MEM,-2.24,0.11,-2.14,105.4,107.8,-2.4,93.3,.295,.222,.524,.477,12.3,25.3,.231,.518,15.2,75.1,.251,2016
22,NYK,-2.73,0.00,-2.74,104.6,107.6,-3.0,93.4,.255,.256,.527,.483,12.6,23.7,.205,.487,10.5,75.8,.204,2016
23,DEN,-3.10,0.29,-2.81,105.6,108.9,-3.3,95.7,.282,.277,.531,.489,13.2,25.8,.216,.515,12.6,77.3,.216,2016
24,MIN,-3.54,0.15,-3.38,106.5,110.1,-3.6,95.2,.332,.202,.549,.498,13.9,24.3,.263,.524,13.6,74.7,.200,2016
25,NOP,-3.79,0.24,-3.56,105.6,109.5,-3.9,96.8,.259,.277,.537,.498,12.3,21.2,.201,.523,12.7,78.8,.225,2016
26,MIL,-4.18,0.20,-3.98,104.3,108.7,-4.4,94.2,.276,.189,.537,.499,14.2,24.9,.207,.510,14.2,73.1,.221,2016
27,PHO,-6.66,0.34,-6.32,102.2,109.0,-6.8,98.5,.271,.302,.526,.487,15.2,25.4,.204,.523,13.5,77.1,.237,2016
28,BRK,-7.35,0.24,-7.12,103.2,110.9,-7.7,95.2,.246,.218,.527,.492,13.6,24.1,.186,.534,13.1,75.7,.176,2016
29,LAL,-9.56,0.64,-8.92,101.6,111.6,-10.0,95.6,.292,.290,.509,.460,12.5,23.1,.228,.523,11.6,74.7,.202,2016
30,PHI,-10.23,0.31,-9.92,98.8,109.2,-10.4,97.9,.269,.327,.519,.487,14.8,20.6,.186,.510,13.5,74.0,.240,2016
0,GSW,11.63,-0.28,11.35,115.6,104.0,+11.6,99.8,.259,.359,.597,.563,13.2,22.8,.204,.486,13.5,74.9,.198,2017
1,SAS,7.20,-0.06,7.13,111.1,103.5,+7.6,94.2,.263,.281,.564,.524,12.6,24.0,.210,.492,13.5,77.6,.192,2017
2,HOU,5.77,0.08,5.84,114.7,109.0,+5.7,100.0,.304,.462,.583,.545,13.3,24.6,.233,.519,13.2,75.8,.194,2017
3,TOR,4.21,-0.56,3.65,112.3,107.8,+4.5,94.7,.293,.289,.561,.517,11.8,25.0,.233,.507,13.5,76.3,.223,2017
4,LAC,4.29,0.13,4.42,112.7,108.2,+4.5,96.1,.312,.329,.574,.537,12.0,21.5,.233,.506,12.1,76.9,.211,2017
5,UTA,3.94,0.06,4.00,109.6,105.3,+4.3,91.6,.288,.327,.563,.526,13.2,23.2,.215,.493,11.8,78.9,.195,2017
6,CLE,3.18,-0.31,2.87,113.6,110.3,+3.3,96.2,.275,.399,.580,.547,12.6,21.9,.206,.516,11.4,75.8,.174,2017
7,BOS,2.63,-0.39,2.25,111.2,108.4,+2.8,96.8,.273,.393,.567,.525,12.2,21.2,.220,.503,12.6,75.3,.223,2017
8,WAS,1.80,-0.45,1.36,111.2,109.3,+1.9,97.4,.254,.284,.564,.528,12.8,24.1,.199,.524,13.8,75.5,.213,2017
9,MIA,1.06,-0.29,0.77,107.8,106.7,+1.1,95.2,.251,.314,.541,.512,12.4,24.2,.177,.496,12.6,76.4,.220,2017
10,OKC,0.76,0.39,1.14,108.3,107.5,+0.8,97.8,.295,.295,.540,.500,13.2,27.9,.220,.511,12.5,79.0,.218,2017
11,MEM,0.49,0.47,0.96,107.7,107.1,+0.6,92.3,.280,.316,.535,.491,12.1,24.8,.219,.506,13.6,77.5,.256,2017
12,DEN,0.51,0.19,0.70,113.2,112.7,+0.5,98.3,.276,.329,.568,.530,13.2,27.3,.214,.532,10.9,78.7,.194,2017
13,CHI,0.43,-0.39,0.03,107.4,107.0,+0.4,95.3,.259,.256,.530,.487,12.3,27.0,.206,.507,12.4,76.8,.169,2017
14,CHO,0.20,-0.26,-0.07,108.8,108.6,+0.2,95.7,.279,.335,.547,.501,10.7,19.9,.227,.523,12.1,79.6,.164,2017
15,IND,-0.22,-0.42,-0.64,108.6,108.8,-0.2,95.9,.261,.272,.558,.516,12.8,21.2,.212,.512,13.6,75.5,.225,2017
16,MIL,-0.18,-0.26,-0.45,109.1,109.3,-0.2,94.5,.274,.290,.565,.527,13.2,21.5,.210,.518,13.6,75.4,.215,2017
17,POR,-0.52,0.30,-0.23,110.3,110.8,-0.5,96.7,.275,.322,.559,.520,12.5,23.0,.214,.508,11.6,76.8,.241,2017
18,ATL,-0.85,-0.38,-1.23,104.9,105.7,-0.8,97.4,.295,.309,.541,.504,14.2,23.6,.215,.507,13.8,76.1,.179,2017
19,DET,-1.12,-0.17,-1.29,106.0,107.1,-1.1,95.0,.218,.263,.521,.492,10.9,24.1,.157,.516,12.1,81.2,.197,2017
21,MIN,-1.11,0.47,-0.64,110.8,112.0,-1.2,94.6,.287,.249,.555,.511,12.9,27.2,.229,.535,13.2,75.9,.212,2017
22,NOP,-2.10,0.41,-1.69,105.2,107.4,-2.2,98.0,.256,.308,.539,.504,11.7,18.5,.192,.509,12.4,76.8,.177,2017
23,DAL,-2.93,0.40,-2.53,105.6,108.8,-3.2,92.2,.225,.366,.541,.505,11.6,18.1,.180,.529,14.4,77.6,.218,2017
24,NYK,-3.67,-0.20,-3.87,107.7,111.5,-3.8,96.0,.239,.279,.534,.496,12.4,26.6,.188,.511,11.7,74.1,.214,2017
25,SAC,-3.88,0.58,-3.29,107.3,111.3,-4.0,94.9,.284,.291,.556,.516,13.7,21.0,.220,.528,12.9,76.3,.227,2017
26,PHO,-5.63,0.49,-5.14,106.6,112.2,-5.6,100.3,.297,.255,.538,.493,13.4,26.0,.231,.525,13.1,76.4,.264,2017
27,PHI,-5.70,-0.14,-5.83,103.2,108.9,-5.7,98.5,.258,.349,.539,.501,14.9,22.4,.199,.512,13.5,75.3,.234,2017
28,BRK,-6.73,-0.01,-6.74,104.1,110.7,-6.6,101.3,.289,.371,.551,.507,14.7,19.6,.228,.513,11.6,76.1,.212,2017
29,ORL,-6.57,-0.04,-6.61,103.7,110.5,-6.8,96.8,.246,.300,.524,.489,12.1,21.6,.184,.523,11.9,77.4,.201,2017
30,LAL,-6.88,0.58,-6.29,106.0,113.0,-7.0,98.5,.259,.295,.537,.501,13.5,25.0,.195,.542,13.0,75.8,.213,2017
0,HOU,8.48,-0.27,8.21,114.7,106.1,+8.6,97.6,.298,.502,.590,.551,12.7,21.3,.233,.521,13.4,79.9,.171,2018
1,TOR,7.78,-0.49,7.29,113.8,105.9,+7.9,97.4,.250,.377,.575,.539,12.1,23.0,.198,.501,13.0,77.7,.212,2018
2,GSW,5.98,-0.19,5.79,113.6,107.6,+6.0,99.6,.239,.339,.603,.569,14.1,21.0,.195,.504,12.6,76.3,.186,2018
3,UTA,4.30,0.17,4.47,108.4,103.9,+4.5,95.7,.260,.357,.564,.527,13.7,21.5,.202,.506,14.0,79.8,.190,2018
4,PHI,4.50,-0.20,4.30,109.5,105.0,+4.5,99.8,.263,.344,.568,.535,14.6,25.3,.198,.492,12.6,78.6,.218,2018
5,BOS,3.59,-0.35,3.23,107.6,103.9,+3.7,96.0,.243,.357,.552,.518,13.0,21.5,.188,.495,13.0,78.4,.191,2018
6,OKC,3.41,0.00,3.42,110.7,107.2,+3.5,96.7,.275,.345,.546,.514,12.4,27.7,.197,.525,14.7,77.4,.193,2018
7,SAS,2.89,0.00,2.89,107.9,104.8,+3.1,95.0,.245,.282,.543,.507,12.2,23.7,.189,.507,13.2,78.6,.170,2018
8,POR,2.60,0.00,2.60,109.1,106.4,+2.7,96.5,.240,.324,.549,.511,12.3,23.3,.192,.503,11.7,79.1,.193,2018
9,MIN,2.23,0.12,2.35,113.4,111.1,+2.3,96.0,.280,.261,.566,.523,11.4,24.4,.225,.539,13.9,76.4,.189,2018
10,DEN,1.48,0.09,1.57,112.5,111.0,+1.5,96.8,.258,.357,.570,.536,13.4,25.7,.198,.539,12.6,77.5,.173,2018
11,IND,1.38,-0.20,1.18,109.5,108.1,+1.4,96.0,.222,.284,.557,.525,12.3,22.7,.173,.527,14.2,76.2,.174,2018
12,NOP,1.30,0.18,1.48,109.6,108.3,+1.3,100.5,.237,.319,.573,.541,13.3,20.0,.183,.513,12.5,76.7,.175,2018
13,CLE,0.94,-0.35,0.59,112.9,111.9,+1.0,98.0,.275,.379,.584,.547,12.6,20.1,.214,.540,12.2,77.3,.166,2018
14,WAS,0.59,-0.06,0.53,109.3,108.7,+0.6,96.6,.254,.310,.560,.525,13.3,23.5,.196,.522,13.6,77.1,.212,2018
15,MIA,0.48,-0.33,0.15,106.8,106.3,+0.5,95.6,.229,.358,.551,.520,13.3,21.5,.173,.507,13.1,79.0,.215,2018
16,CHO,0.26,-0.19,0.07,109.4,109.1,+0.3,98.4,.312,.314,.549,.508,11.4,22.2,.233,.532,12.4,80.7,.165,2018
17,LAC,0.04,0.11,0.15,110.3,110.2,+0.1,98.7,.299,.314,.564,.527,13.2,23.5,.222,.520,12.6,76.1,.203,2018
18,DET,-0.15,-0.11,-0.26,107.2,107.3,-0.1,96.2,.227,.333,.543,.512,12.3,22.7,.169,.524,13.7,78.5,.172,2018
19,MIL,-0.30,-0.15,-0.45,109.8,110.1,-0.3,96.2,.281,.297,.571,.531,12.9,20.4,.220,.528,14.2,75.9,.220,2018
21,LAL,-1.55,0.11,-1.44,106.5,108.0,-1.5,100.3,.264,.329,.548,.517,13.8,23.6,.188,.514,12.5,77.7,.190,2018
22,DAL,-3.04,0.34,-2.70,106.3,109.5,-3.2,95.6,.217,.382,.544,.513,11.6,18.0,.166,.532,12.9,78.9,.193,2018
23,NYK,-3.56,0.03,-3.53,107.1,110.7,-3.6,96.8,.216,.266,.544,.510,13.3,24.1,.170,.522,12.2,76.7,.208,2018
24,BRK,-3.74,0.07,-3.67,106.9,110.6,-3.7,98.9,.260,.411,.551,.514,13.6,21.0,.201,.517,11.0,77.0,.201,2018
25,ORL,-4.82,-0.10,-4.92,105.2,110.1,-4.9,98.1,.238,.342,.545,.512,13.3,20.0,.180,.525,12.8,75.6,.187,2018
26,ATL,-5.45,0.15,-5.30,105.0,110.6,-5.6,98.3,.236,.363,.547,.512,14.1,21.1,.185,.536,13.6,76.2,.183,2018
27,MEM,-6.21,0.39,-5.81,104.5,111.0,-6.5,94.9,.255,.317,.539,.500,14.0,22.4,.201,.529,13.8,76.5,.256,2018
28,CHI,-7.04,0.20,-6.84,103.8,110.9,-7.1,98.3,.216,.350,.529,.497,12.6,20.6,.164,.542,12.4,80.6,.184,2018
29,SAC,-6.99,0.39,-6.60,103.7,111.1,-7.4,94.9,.194,.278,.529,.502,12.8,21.5,.143,.542,13.5,77.6,.199,2018
30,PHO,-9.37,0.57,-8.80,103.5,112.8,-9.3,100.3,.275,.320,.532,.495,13.9,22.5,.203,.533,11.9,76.5,.212,2018
0,MIL,8.87,-0.82,8.04,113.8,105.2,+8.6,103.3,.255,.419,.583,.550,12.0,20.8,.197,.503,11.5,80.3,.162,2019
1,GSW,6.46,-0.04,6.42,115.9,109.5,+6.4,100.9,.227,.384,.596,.565,12.6,22.5,.182,.508,11.7,77.1,.205,2019
2,TOR,6.09,-0.60,5.49,113.1,107.1,+6.0,100.2,.247,.379,.579,.543,12.4,21.9,.198,.509,13.1,77.1,.190,2019
3,UTA,5.26,0.03,5.28,110.9,105.7,+5.2,100.3,.295,.394,.572,.538,13.4,22.9,.217,.507,12.4,80.3,.189,2019
4,HOU,4.77,0.19,4.96,115.5,110.7,+4.8,97.9,.279,.519,.581,.542,12.0,22.8,.221,.525,13.4,74.4,.210,2019
5,BOS,4.44,-0.54,3.90,112.2,107.8,+4.4,99.6,.215,.381,.567,.534,11.5,21.6,.173,.514,13.4,77.0,.198,2019
6,POR,4.20,0.24,4.43,114.7,110.5,+4.2,99.1,.258,.339,.568,.528,12.1,26.6,.210,.516,11.0,77.9,.195,2019
7,DEN,3.95,0.24,4.19,113.0,108.9,+4.1,97.7,.232,.348,.558,.527,11.9,26.6,.175,.521,12.3,78.0,.194,2019
8,IND,3.33,-0.57,2.76,109.9,106.5,+3.4,98.1,.242,.292,.561,.530,12.4,21.9,.182,.516,14.1,76.2,.184,2019
9,OKC,3.40,0.15,3.56,110.3,107.0,+3.3,102.8,.266,.347,.545,.514,11.7,26.0,.190,.523,14.4,78.2,.206,2019
10,PHI,2.70,-0.44,2.25,112.6,110.0,+2.6,101.6,.312,.342,.574,.532,12.9,24.5,.241,.512,11.1,78.6,.206,2019
11,SAS,1.68,0.12,1.80,112.9,111.2,+1.7,98.3,.237,.286,.572,.534,11.0,21.0,.194,.528,11.0,79.4,.170,2019
12,LAC,0.85,0.23,1.09,112.4,111.5,+0.9,101.7,.326,.295,.575,.529,12.7,22.0,.258,.514,11.4,76.0,.224,2019
13,ORL,0.71,-0.43,0.28,108.9,108.1,+0.8,98.1,.216,.360,.550,.518,11.9,22.0,.168,.515,11.8,79.7,.186,2019
14,BRK,-0.07,-0.33,-0.40,109.6,109.7,-0.1,100.8,.284,.403,.556,.520,13.0,23.8,.211,.512,11.6,76.4,.190,2019
15,DET,-0.24,-0.31,-0.56,109.0,109.2,-0.2,97.4,.262,.394,.544,.509,12.3,24.8,.195,.526,12.8,78.7,.211,2019
16,MIA,-0.23,-0.22,-0.45,107.3,107.6,-0.3,98.2,.247,.368,.542,.515,13.1,24.8,.172,.510,12.7,77.6,.201,2019
17,SAC,-1.12,0.31,-0.81,110.4,111.5,-1.1,103.1,.244,.321,.554,.524,11.5,23.1,.177,.533,13.6,75.5,.207,2019
18,CHO,-1.10,-0.22,-1.32,111.4,112.5,-1.1,98.7,.257,.378,.554,.514,10.9,21.7,.205,.538,12.1,77.1,.179,2019
19,NOP,-1.33,0.23,-1.10,111.4,112.6,-1.2,103.3,.254,.324,.563,.529,12.6,24.1,.193,.532,11.6,76.8,.193,2019
21,DAL,-1.28,0.42,-0.87,109.4,110.7,-1.3,99.0,.291,.422,.555,.519,12.7,22.7,.216,.522,11.6,77.5,.191,2019
22,MIN,-1.50,0.48,-1.02,111.4,112.9,-1.5,100.2,.267,.315,.552,.511,11.4,24.6,.210,.538,12.9,74.9,.190,2019
23,LAL,-1.72,0.39,-1.33,107.8,109.5,-1.7,103.2,.257,.342,.554,.527,13.4,22.2,.180,.516,12.2,76.4,.192,2019
24,MEM,-2.60,0.51,-2.08,106.1,108.8,-2.7,96.6,.272,.342,.548,.508,12.9,20.0,.210,.521,13.9,77.6,.232,2019
25,WAS,-2.90,-0.40,-3.30,111.1,113.9,-2.8,101.4,.266,.370,.567,.531,12.3,21.3,.204,.546,13.5,74.1,.199,2019
26,ATL,-6.02,-0.04,-6.06,108.1,113.9,-5.8,103.9,.255,.403,.555,.522,14.3,24.7,.192,.541,12.8,76.4,.237,2019
27,CHI,-8.41,0.10,-8.32,104.8,113.2,-8.4,99.0,.235,.295,.541,.505,12.7,19.4,.184,.541,11.9,77.3,.188,2019
28,NYK,-9.21,0.28,-8.93,104.5,113.7,-9.2,99.6,.270,.334,.529,.490,12.4,22.1,.205,.533,11.7,76.1,.203,2019
29,PHO,-9.34,0.73,-8.61,105.9,115.1,-9.2,100.5,.259,.335,.552,.514,13.8,20.5,.202,.545,13.5,72.5,.236,2019
30,CLE,-9.61,0.22,-9.39,107.7,117.6,-9.9,96.6,.236,.332,.540,.503,12.2,23.7,.187,.564,11.5,77.0,.181,2019
0,MIL,10.08,-0.67,9.41,112.4,102.9,+9.5,105.1,.271,.428,.583,.552,12.9,20.7,.201,.489,12.0,81.6,.178,2020
1,BOS,6.31,-0.47,5.83,113.3,107.0,+6.3,99.5,.259,.386,.570,.531,12.2,23.9,.207,.509,13.5,77.4,.215,2020
2,LAC,6.44,0.21,6.66,113.9,107.6,+6.3,101.5,.295,.375,.577,.535,12.6,23.5,.233,.506,12.2,77.6,.206,2020
3,TOR,6.24,-0.26,5.97,111.1,105.0,+6.1,100.9,.264,.421,.574,.536,13.1,21.3,.210,.502,14.6,76.7,.202,2020
4,LAL,5.79,0.49,6.28,112.0,106.3,+5.7,100.9,.276,.358,.573,.542,13.3,24.5,.201,.515,14.1,78.8,.205,2020
5,DAL,4.95,-0.07,4.87,116.7,111.7,+5.0,99.3,.264,.457,.581,.545,11.2,23.2,.206,.525,10.6,77.7,.175,2020
6,MIA,2.95,-0.35,2.59,112.5,109.5,+3.0,98.3,.299,.419,.587,.547,13.5,20.3,.234,.523,12.6,79.5,.213,2020
7,HOU,2.96,0.17,3.13,112.9,110.1,+2.8,103.7,.288,.501,.578,.537,12.6,21.0,.228,.529,13.7,75.6,.197,2020
8,UTA,2.47,0.05,2.52,112.3,109.9,+2.4,98.6,.268,.414,.585,.549,13.7,21.6,.208,.518,11.1,78.9,.185,2020
9,PHI,2.38,-0.13,2.25,111.3,109.0,+2.3,99.0,.255,.360,.566,.534,12.7,23.9,.193,.523,12.5,80.3,.214,2020
10,DEN,2.11,0.24,2.35,113.1,111.0,+2.1,97.1,.235,.344,.567,.535,12.3,24.8,.183,.533,12.9,76.8,.198,2020
11,IND,1.96,-0.33,1.63,110.0,108.0,+2.0,98.9,.216,.317,.565,.534,12.0,20.0,.170,.511,13.0,76.7,.192,2020
12,OKC,1.99,0.34,2.33,110.8,108.8,+2.0,98.8,.290,.353,.573,.530,12.4,19.3,.231,.518,12.6,76.8,.173,2020
13,PHO,0.22,0.35,0.56,111.7,111.4,+0.3,101.3,.271,.361,.576,.532,13.0,22.2,.226,.539,13.7,78.8,.221,2020
14,BRK,-0.57,-0.44,-1.01,108.9,109.5,-0.6,101.4,.267,.423,.554,.520,13.1,23.2,.199,.511,11.0,77.8,.187,2020
15,ORL,-1.01,0.09,-0.93,108.5,109.5,-1.0,98.6,.256,.364,.544,.506,11.5,22.3,.198,.535,13.2,79.1,.176,2020
16,SAS,-1.11,0.46,-0.65,112.4,113.5,-1.1,100.5,.262,.318,.572,.531,11.2,20.1,.212,.542,11.7,79.2,.193,2020
17,MEM,-1.07,0.16,-0.91,109.2,110.3,-1.1,102.8,.240,.346,.561,.528,13.2,23.0,.183,.521,12.7,77.8,.217,2020
18,POR,-1.15,0.54,-0.61,113.7,114.8,-1.1,100.7,.242,.374,.570,.533,11.2,22.4,.194,.530,11.2,75.3,.208,2020
19,NOP,-1.29,0.74,-0.55,110.7,111.9,-1.2,103.7,.256,.403,.568,.539,13.9,24.2,.186,.532,12.4,77.8,.212,2020
21,SAC,-2.04,0.46,-1.59,110.2,112.2,-2.0,98.9,.230,.395,.566,.534,13.0,21.9,.177,.543,13.6,78.4,.225,2020
22,CHI,-3.08,-0.93,-4.00,106.7,109.8,-3.1,99.7,.231,.396,.547,.515,13.7,22.8,.175,.546,16.3,75.6,.239,2020
23,DET,-3.56,-0.82,-4.38,109.0,112.7,-3.7,97.6,.261,.381,.561,.529,13.8,22.6,.194,.541,12.7,75.9,.186,2020
24,MIN,-4.30,0.28,-4.02,108.1,112.2,-4.1,103.4,.277,.433,.551,.514,13.0,22.1,.209,.541,13.2,77.2,.218,2020
25,WAS,-4.67,-0.57,-5.24,110.9,115.5,-4.6,102.7,.270,.358,.562,.523,12.2,22.2,.213,.558,13.9,75.3,.231,2020
26,NYK,-6.45,-0.26,-6.72,106.5,113.0,-6.5,98.6,.263,.318,.531,.501,12.6,25.8,.182,.541,12.4,78.3,.224,2020
27,CHO,-6.75,-0.28,-7.03,106.3,113.3,-7.0,95.8,.252,.399,.539,.504,13.3,23.9,.188,.546,13.1,74.4,.159,2020
28,ATL,-7.97,0.27,-7.71,107.2,114.8,-7.6,103.0,.258,.398,.554,.515,13.8,21.6,.204,.543,12.7,74.9,.233,2020
29,CLE,-7.89,0.12,-7.77,107.5,115.4,-7.9,98.7,.227,.362,.553,.522,14.6,24.6,.172,.560,11.7,77.4,.164,2020
30,GSW,-8.71,0.59,-8.12,105.2,113.8,-8.6,100.3,.264,.355,.540,.497,13.2,21.5,.212,.553,13.7,76.4,.193,2020
0,UTA,9.25,-0.29,8.97,117.6,108.3,+9.3,98.5,.244,.488,.597,.563,12.7,24.5,.195,.507,10.3,79.3,.159,2021
1,LAC,6.18,-0.16,6.02,117.6,111.2,+6.4,96.9,.222,.400,.599,.564,12.2,22.7,.186,.531,11.9,79.1,.186,2021
2,PHO,5.82,-0.15,5.67,117.2,111.3,+5.9,97.2,.212,.392,.597,.564,11.5,20.8,.177,.534,12.4,78.5,.194,2021
3,MIL,5.89,-0.32,5.57,117.2,111.4,+5.8,102.2,.233,.404,.593,.566,12.0,23.3,.177,.536,11.5,79.7,.157,2021
4,PHI,5.58,-0.31,5.28,113.2,107.6,+5.6,99.5,.293,.347,.579,.541,12.8,23.2,.225,.521,13.8,78.2,.200,2021
5,DEN,4.93,-0.11,4.82,117.1,112.1,+5.0,97.1,.219,.383,.588,.557,12.1,24.7,.176,.545,12.9,78.9,.200,2021
6,BRK,4.50,-0.27,4.24,118.3,113.8,+4.5,99.5,.258,.413,.610,.575,12.2,21.4,.208,.531,11.1,77.3,.187,2021
7,LAL,2.79,-0.03,2.77,109.9,107.1,+2.8,98.7,.271,.363,.569,.536,13.6,22.5,.200,.526,13.7,79.7,.184,2021
8,DAL,2.26,-0.01,2.26,115.4,113.0,+2.4,97.3,.242,.436,.582,.550,11.1,21.1,.189,.534,11.5,77.8,.197,2021
9,NYK,2.31,-0.18,2.13,110.6,108.2,+2.4,95.9,.242,.347,.559,.524,11.9,21.9,.190,.509,11.7,78.6,.196,2021
10,ATL,2.32,-0.18,2.14,115.7,113.3,+2.4,97.6,.278,.382,.581,.539,11.9,24.4,.226,.530,11.1,77.8,.190,2021
11,POR,1.79,0.01,1.81,117.8,116.0,+1.8,98.4,.238,.448,.577,.540,9.9,23.0,.195,.546,11.2,77.5,.203,2021
12,BOS,1.46,-0.14,1.32,114.0,112.5,+1.5,98.3,.234,.409,.574,.543,12.5,24.3,.181,.539,12.8,78.1,.215,2021
13,GSW,1.06,0.04,1.10,111.1,110.1,+1.0,102.2,.239,.439,.583,.551,13.3,17.9,.188,.522,13.1,76.6,.223,2021
14,MEM,1.03,0.04,1.07,112.0,111.0,+1.0,100.4,.232,.342,.560,.528,11.6,24.2,.179,.535,13.1,78.3,.196,2021
15,MIA,0.03,-0.09,-0.06,111.2,111.2,0.0,96.6,.252,.432,.581,.546,13.1,19.4,.199,.542,13.8,77.9,.183,2021
16,IND,-0.04,-0.08,-0.13,112.4,112.4,0.0,101.6,.227,.372,.575,.542,11.9,20.2,.180,.531,12.7,74.9,.201,2021
17,NOP,-0.29,0.10,-0.20,113.5,113.8,-0.3,100.1,.293,.342,.570,.537,12.7,26.3,.214,.550,11.9,80.0,.186,2021
18,TOR,-0.47,-0.07,-0.54,112.0,112.5,-0.5,99.2,.241,.444,.567,.529,11.9,20.8,.196,.543,14.4,76.3,.234,2021
19,CHI,-0.89,-0.05,-0.94,111.1,112.0,-0.9,99.0,.197,.383,.575,.547,13.6,22.3,.156,.538,11.6,80.3,.196,2021
21,SAS,-1.74,0.15,-1.58,111.0,112.8,-1.8,98.9,.243,.314,.554,.517,10.2,20.0,.192,.541,11.8,77.3,.174,2021
22,WAS,-1.83,-0.01,-1.85,111.2,113.0,-1.8,104.1,.288,.319,.569,.531,12.3,21.3,.221,.539,12.5,77.6,.217,2021
23,CHO,-1.93,-0.01,-1.94,110.9,112.8,-1.9,98.3,.238,.422,.564,.532,13.3,23.5,.181,.550,13.2,75.7,.163,2021
24,SAC,-3.68,0.23,-3.45,113.6,117.2,-3.6,100.0,.248,.376,.578,.549,12.0,21.3,.185,.557,12.1,75.0,.199,2021
25,DET,-4.47,0.09,-4.38,108.0,112.5,-4.5,97.9,.273,.385,.556,.519,13.5,21.9,.207,.541,12.6,76.9,.195,2021
26,MIN,-5.56,0.31,-5.25,109.5,115.0,-5.5,101.6,.254,.413,.555,.520,12.4,22.7,.193,.556,13.3,76.8,.207,2021
27,HOU,-7.90,0.40,-7.50,107.1,114.9,-7.8,101.4,.252,.459,.553,.521,13.0,19.8,.187,.555,12.9,77.1,.201,2021
28,CLE,-8.44,0.25,-8.19,105.8,114.4,-8.6,97.3,.261,.347,.543,.508,13.9,23.6,.194,.556,13.0,76.6,.183,2021
29,ORL,-9.31,0.29,-9.02,105.1,114.5,-9.4,98.7,.240,.356,.527,.490,11.5,21.6,.186,.547,11.5,78.2,.169,2021
30,OKC,-10.64,0.51,-10.13,103.5,114.0,-10.5,101.0,.242,.399,.539,.509,14.2,21.2,.176,.547,11.5,77.9,.167,2021
0,BOS,7.28,-0.26,7.02,114.4,106.9,+7.5,96.6,.239,.425,.578,.542,12.4,24.0,.195,.502,12.5,77.3,.183,2022
1,PHO,7.50,-0.56,6.94,114.8,107.3,+7.5,99.8,.221,.354,.581,.549,11.6,22.3,.176,.510,13.0,77.1,.195,2022
2,UTA,6.04,-0.37,5.67,116.7,110.5,+6.2,97.1,.271,.468,.589,.555,12.7,25.4,.208,.521,10.9,78.3,.164,2022
3,MEM,5.68,-0.32,5.37,114.6,109.0,+5.6,100.3,.245,.346,.553,.522,11.2,30.0,.180,.523,13.3,77.8,.195,2022
4,GSW,5.54,-0.02,5.52,112.5,106.9,+5.6,98.4,.235,.456,.582,.552,13.5,22.8,.181,.509,13.0,78.7,.201,2022
5,MIA,4.45,-0.22,4.23,113.7,109.1,+4.6,95.9,.252,.422,.584,.547,13.4,23.5,.204,.524,13.8,78.0,.209,2022
6,DAL,3.30,-0.18,3.12,112.8,109.4,+3.4,95.4,.249,.439,.572,.538,11.7,21.3,.192,.521,12.2,78.0,.185,2022
7,MIL,3.35,-0.14,3.22,115.1,111.8,+3.3,99.9,.257,.430,.580,.546,11.9,23.0,.199,.536,11.6,78.6,.165,2022
8,PHI,2.61,-0.04,2.57,113.5,110.8,+2.7,96.2,.282,.376,.578,.534,11.6,20.1,.232,.524,12.1,76.8,.192,2022
9,MIN,2.63,-0.10,2.53,114.3,111.7,+2.6,100.9,.254,.454,.573,.539,12.4,24.4,.198,.535,14.2,74.9,.227,2022
10,DEN,2.30,-0.15,2.16,114.5,112.1,+2.4,97.8,.244,.416,.590,.556,13.2,21.9,.194,.537,11.7,78.3,.188,2022
11,TOR,2.29,0.08,2.38,112.9,110.5,+2.4,96.0,.234,.375,.543,.510,11.0,28.4,.177,.535,14.4,75.6,.199,2022
12,CLE,2.12,-0.08,2.04,111.9,109.7,+2.2,96.1,.261,.387,.571,.538,13.2,24.0,.198,.520,12.3,76.5,.172,2022
13,ATL,1.56,-0.01,1.55,116.5,114.9,+1.6,97.7,.253,.390,.581,.543,10.8,23.0,.205,.543,11.5,76.9,.177,2022
14,BRK,0.78,0.04,0.82,113.6,112.8,+0.8,99.0,.246,.359,.576,.540,12.5,23.9,.198,.521,11.7,75.1,.201,2022
15,CHO,0.44,0.09,0.53,114.1,113.7,+0.4,100.0,.234,.418,.572,.544,11.6,23.3,.173,.544,13.1,74.8,.187,2022
16,SAS,0.12,-0.10,0.02,112.4,112.3,+0.1,100.0,.220,.345,.556,.527,11.1,23.7,.166,.532,12.1,75.1,.176,2022
17,LAC,0.02,0.06,0.09,110.1,110.1,0.0,98.0,.224,.391,.564,.531,12.5,20.6,.178,.514,12.0,74.4,.167,2022
18,NYK,-0.12,0.11,-0.01,110.4,110.5,-0.1,95.9,.280,.428,.550,.513,12.0,25.1,.208,.521,11.7,78.8,.198,2022
19,CHI,-0.39,0.02,-0.38,113.2,113.6,-0.4,98.3,.248,.332,.579,.541,11.8,20.4,.201,.541,11.9,78.3,.199,2022
21,NOP,-0.99,0.15,-0.84,112.0,113.0,-1.0,97.2,.264,.365,.557,.517,12.5,26.9,.208,.547,13.0,78.2,.196,2022
22,LAL,-3.05,-0.03,-3.08,110.3,113.3,-3.0,100.1,.259,.388,.567,.537,12.8,21.1,.190,.540,12.2,75.8,.192,2022
23,WAS,-3.38,0.15,-3.23,111.1,114.5,-3.4,97.0,.252,.356,.568,.532,12.1,20.9,.197,.529,10.7,76.9,.202,2022
24,IND,-3.48,0.22,-3.26,112.6,116.1,-3.5,98.0,.239,.395,.564,.531,12.7,25.5,.184,.552,11.9,76.2,.204,2022
25,SAC,-5.46,0.20,-5.26,109.9,115.3,-5.4,99.8,.264,.377,.561,.525,12.5,21.3,.203,.551,11.9,76.0,.176,2022
26,DET,-7.72,0.37,-7.36,106.0,113.8,-7.8,98.4,.249,.391,.533,.494,12.6,23.4,.194,.541,13.1,75.6,.226,2022
27,ORL,-8.00,0.33,-7.67,104.5,112.5,-8.0,99.2,.223,.417,.538,.503,13.0,19.8,.175,.532,11.7,77.2,.196,2022
28,OKC,-8.10,0.20,-7.90,104.6,112.8,-8.2,98.5,.223,.419,.530,.497,12.5,21.8,.169,.533,11.8,76.1,.169,2022
29,HOU,-8.48,0.22,-8.26,108.4,116.7,-8.3,100.9,.284,.448,.565,.534,14.5,21.7,.202,.554,12.3,74.4,.206,2022
30,POR,-8.88,0.33,-8.55,107.8,116.9,-9.1,98.3,.248,.422,.550,.515,13.0,22.9,.188,.559,12.7,76.9,.222,2022
